[21ago.2025 09:29:44.844] [main/INFO] [cpw.mods.modlauncher.Launcher/MODLAUNCHER]: ModLauncher running: args [--launchTarget, forgeclientdev, --version, 21.1.193, --assetIndex, 17, --assetsDir, C:\\Users\\pichau\\.gradle\\caches\\neoformruntime\\assets, --gameDir, ., --fml.fmlVersion, 4.0.41, --fml.mcVersion, 1.21.1, --fml.neoForgeVersion, 21.1.193, --fml.neoFormVersion, 20240808.144430]
[21ago.2025 09:29:44.848] [main/INFO] [cpw.mods.modlauncher.Launcher/MODLAUNCHER]: JVM identified as Microsoft OpenJDK 64-Bit Server VM 21.0.8+9-LTS
[21ago.2025 09:29:44.849] [main/INFO] [cpw.mods.modlauncher.Launcher/MODLAUNCHER]: ModLauncher 11.0.5+main.901c6ea8 starting: java version 21.0.8 by Microsoft; OS Windows 11 arch amd64 version 10.0
[21ago.2025 09:29:44.870] [main/DEBUG] [cpw.mods.modlauncher.LaunchServiceHandler/MODLAUNCHER]: Found launch services [minecraft,forgeclient,forgedatauserdev,testharness,forgeserverdev,forgeserveruserdev,forgejunitdev,forgeclientdev,forgeclientuserdev,forgeserver,forgejunituserdev,forgedatadev]
[21ago.2025 09:29:44.890] [main/DEBUG] [cpw.mods.modlauncher.LaunchPluginHandler/MODLAUNCHER]: Found launch plugins: [mixin,slf4jfixer,runtime_enum_extender,accesstransformer,runtimedistcleaner]
[21ago.2025 09:29:44.899] [main/DEBUG] [cpw.mods.modlauncher.TransformationServicesHandler/MODLAUNCHER]: Discovering transformation services
[21ago.2025 09:29:44.903] [main/DEBUG] [net.neoforged.fml.loading.FMLPaths/CORE]: Path GAMEDIR is D:\IntelliJ\projects\PsionicTickMaster\run
[21ago.2025 09:29:44.903] [main/DEBUG] [net.neoforged.fml.loading.FMLPaths/CORE]: Path MODSDIR is D:\IntelliJ\projects\PsionicTickMaster\run\mods
[21ago.2025 09:29:44.904] [main/DEBUG] [net.neoforged.fml.loading.FMLPaths/CORE]: Path CONFIGDIR is D:\IntelliJ\projects\PsionicTickMaster\run\config
[21ago.2025 09:29:44.904] [main/DEBUG] [net.neoforged.fml.loading.FMLPaths/CORE]: Path FMLCONFIG is D:\IntelliJ\projects\PsionicTickMaster\run\config\fml.toml
[21ago.2025 09:29:44.999] [main/DEBUG] [net.neoforged.fml.loading.targets.CommonLaunchHandler/CORE]: Got mod coordinates psitickmaster%%D:\\IntelliJ\\projects\\PsionicTickMaster\\build\\classes\\java\\main;psitickmaster%%D:\\IntelliJ\\projects\\PsionicTickMaster\\build\\resources\\main from env
[21ago.2025 09:29:45.002] [main/DEBUG] [net.neoforged.fml.loading.targets.CommonLaunchHandler/CORE]: Found supplied mod coordinates [{psitickmaster=[D:\IntelliJ\projects\PsionicTickMaster\build\classes\java\main, D:\IntelliJ\projects\PsionicTickMaster\build\resources\main]}]
[21ago.2025 09:29:45.005] [main/DEBUG] [cpw.mods.modlauncher.TransformationServicesHandler/MODLAUNCHER]: Found additional transformation services from discovery services: 
[21ago.2025 09:29:45.012] [main/INFO] [net.neoforged.fml.loading.ImmediateWindowHandler/]: Loading ImmediateWindowProvider fmlearlywindow
[21ago.2025 09:29:45.123] [main/INFO] [EARLYDISPLAY/]: Trying GL version 4.6
[21ago.2025 09:29:45.315] [main/INFO] [EARLYDISPLAY/]: Requested GL version 4.6 got version 4.6
[21ago.2025 09:29:45.364] [main/DEBUG] [cpw.mods.modlauncher.TransformationServicesHandler/MODLAUNCHER]: Found transformer services : [mixin,fml]
[21ago.2025 09:29:45.364] [main/DEBUG] [cpw.mods.modlauncher.TransformationServicesHandler/MODLAUNCHER]: Transformation services loading
[21ago.2025 09:29:45.364] [main/DEBUG] [cpw.mods.modlauncher.TransformationServiceDecorator/MODLAUNCHER]: Loading service mixin
[21ago.2025 09:29:45.364] [main/DEBUG] [cpw.mods.modlauncher.TransformationServiceDecorator/MODLAUNCHER]: Loaded service mixin
[21ago.2025 09:29:45.364] [main/DEBUG] [cpw.mods.modlauncher.TransformationServiceDecorator/MODLAUNCHER]: Loading service fml
[21ago.2025 09:29:45.365] [main/DEBUG] [net.neoforged.fml.loading.FMLLoader/CORE]: FML 4.0.41 loading
[21ago.2025 09:29:45.365] [main/DEBUG] [net.neoforged.fml.loading.FMLLoader/CORE]: FML found ModLauncher version : 11.0.5+main.901c6ea8
[21ago.2025 09:29:45.365] [main/DEBUG] [net.neoforged.fml.loading.FMLLoader/CORE]: FML found AccessTransformer version : 10.0.1+139da711
[21ago.2025 09:29:45.366] [main/DEBUG] [net.neoforged.fml.loading.FMLLoader/CORE]: FML found EventBus version : null
[21ago.2025 09:29:45.366] [main/DEBUG] [net.neoforged.fml.loading.FMLLoader/CORE]: Found Runtime Dist Cleaner
[21ago.2025 09:29:45.366] [main/DEBUG] [cpw.mods.modlauncher.TransformationServiceDecorator/MODLAUNCHER]: Loaded service fml
[21ago.2025 09:29:45.367] [main/DEBUG] [cpw.mods.modlauncher.TransformationServicesHandler/MODLAUNCHER]: Configuring option handling for services
[21ago.2025 09:29:45.378] [main/DEBUG] [net.neoforged.fml.loading.FMLServiceProvider/CORE]: Received command line version data  : VersionInfo[neoForgeVersion=21.1.193, fmlVersion=4.0.41, mcVersion=1.21.1, neoFormVersion=20240808.144430]
[21ago.2025 09:29:45.379] [main/DEBUG] [cpw.mods.modlauncher.TransformationServicesHandler/MODLAUNCHER]: Transformation services initializing
[21ago.2025 09:29:45.379] [main/DEBUG] [cpw.mods.modlauncher.TransformationServiceDecorator/MODLAUNCHER]: Initializing transformation service mixin
[21ago.2025 09:29:45.392] [main/DEBUG] [mixin/]: MixinService [ModLauncher] was successfully booted in cpw.mods.cl.ModuleClassLoader@17d0685f
[21ago.2025 09:29:45.403] [main/INFO] [mixin/]: SpongePowered MIXIN Subsystem Version=0.8.7 Source=union:/C:/Users/pichau/.gradle/caches/modules-2/files-2.1/net.fabricmc/sponge-mixin/0.15.2+mixin.0.8.7/2af2f021d8e02a0220dc27a7a72b4666d66d44ca/sponge-mixin-0.15.2+mixin.0.8.7.jar%23138!/ Service=ModLauncher Env=CLIENT
[21ago.2025 09:29:45.406] [main/DEBUG] [mixin/]: Initialising Mixin Platform Manager
[21ago.2025 09:29:45.407] [main/DEBUG] [mixin/]: Adding mixin platform agents for container ModLauncher Root Container(ModLauncher:4f56a0a2)
[21ago.2025 09:29:45.408] [main/DEBUG] [mixin/]: Instancing new MixinPlatformAgentMinecraftForge for ModLauncher Root Container(ModLauncher:4f56a0a2)
[21ago.2025 09:29:45.408] [main/DEBUG] [mixin/]: MixinPlatformAgentMinecraftForge rejected container ModLauncher Root Container(ModLauncher:4f56a0a2)
[21ago.2025 09:29:45.409] [main/DEBUG] [mixin/]: Instancing new MixinPlatformAgentDefault for ModLauncher Root Container(ModLauncher:4f56a0a2)
[21ago.2025 09:29:45.409] [main/DEBUG] [mixin/]: MixinPlatformAgentDefault accepted container ModLauncher Root Container(ModLauncher:4f56a0a2)
[21ago.2025 09:29:45.411] [main/DEBUG] [cpw.mods.modlauncher.TransformationServiceDecorator/MODLAUNCHER]: Initialized transformation service mixin
[21ago.2025 09:29:45.411] [main/DEBUG] [cpw.mods.modlauncher.TransformationServiceDecorator/MODLAUNCHER]: Initializing transformation service fml
[21ago.2025 09:29:45.411] [main/DEBUG] [net.neoforged.fml.loading.FMLServiceProvider/CORE]: Setting up basic FML game directories
[21ago.2025 09:29:45.411] [main/DEBUG] [net.neoforged.fml.loading.FMLPaths/CORE]: Path GAMEDIR is D:\IntelliJ\projects\PsionicTickMaster\run
[21ago.2025 09:29:45.411] [main/DEBUG] [net.neoforged.fml.loading.FMLPaths/CORE]: Path MODSDIR is D:\IntelliJ\projects\PsionicTickMaster\run\mods
[21ago.2025 09:29:45.412] [main/DEBUG] [net.neoforged.fml.loading.FMLPaths/CORE]: Path CONFIGDIR is D:\IntelliJ\projects\PsionicTickMaster\run\config
[21ago.2025 09:29:45.412] [main/DEBUG] [net.neoforged.fml.loading.FMLPaths/CORE]: Path FMLCONFIG is D:\IntelliJ\projects\PsionicTickMaster\run\config\fml.toml
[21ago.2025 09:29:45.412] [main/DEBUG] [net.neoforged.fml.loading.FMLServiceProvider/CORE]: Loading configuration
[21ago.2025 09:29:45.415] [main/DEBUG] [net.neoforged.fml.loading.FMLServiceProvider/CORE]: Preparing launch handler
[21ago.2025 09:29:45.415] [main/DEBUG] [net.neoforged.fml.loading.FMLLoader/CORE]: Using forgeclientdev as launch service
[21ago.2025 09:29:45.416] [main/DEBUG] [cpw.mods.modlauncher.TransformationServiceDecorator/MODLAUNCHER]: Initialized transformation service fml
[21ago.2025 09:29:45.417] [main/DEBUG] [cpw.mods.modlauncher.TransformationServicesHandler/MODLAUNCHER]: Transformation services begin scanning
[21ago.2025 09:29:45.417] [main/DEBUG] [cpw.mods.modlauncher.TransformationServiceDecorator/MODLAUNCHER]: Beginning scan trigger - transformation service mixin
[21ago.2025 09:29:45.417] [main/DEBUG] [cpw.mods.modlauncher.TransformationServiceDecorator/MODLAUNCHER]: End scan trigger - transformation service mixin
[21ago.2025 09:29:45.417] [main/DEBUG] [cpw.mods.modlauncher.TransformationServiceDecorator/MODLAUNCHER]: Beginning scan trigger - transformation service fml
[21ago.2025 09:29:45.417] [main/DEBUG] [net.neoforged.fml.loading.FMLServiceProvider/CORE]: Initiating mod scan
[21ago.2025 09:29:45.417] [main/DEBUG] [net.neoforged.fml.loading.targets.CommonLaunchHandler/CORE]: Got mod coordinates psitickmaster%%D:\\IntelliJ\\projects\\PsionicTickMaster\\build\\classes\\java\\main;psitickmaster%%D:\\IntelliJ\\projects\\PsionicTickMaster\\build\\resources\\main from env
[21ago.2025 09:29:45.418] [main/DEBUG] [net.neoforged.fml.loading.targets.CommonLaunchHandler/CORE]: Found supplied mod coordinates [{psitickmaster=[D:\IntelliJ\projects\PsionicTickMaster\build\classes\java\main, D:\IntelliJ\projects\PsionicTickMaster\build\resources\main]}]
[21ago.2025 09:29:45.419] [main/DEBUG] [net.neoforged.fml.loading.targets.CommonDevLaunchHandler/]: Launching with NeoForge from D:\IntelliJ\projects\PsionicTickMaster\build\moddev\artifacts\neoforge-21.1.193.jar
[21ago.2025 09:29:45.429] [main/DEBUG] [net.neoforged.fml.util.ServiceLoaderUtil/CORE]: Found 4 implementations of IModFileCandidateLocator:
[21ago.2025 09:29:45.431] [main/DEBUG] [net.neoforged.fml.util.ServiceLoaderUtil/CORE]: 	       0 - [built-in] net.neoforged.fml.loading.moddiscovery.locators.NeoForgeDevProvider from loader-4.0.41.jar
[21ago.2025 09:29:45.431] [main/DEBUG] [net.neoforged.fml.util.ServiceLoaderUtil/CORE]: 	       0 - net.neoforged.fml.loading.moddiscovery.locators.ModsFolderLocator from loader-4.0.41.jar
[21ago.2025 09:29:45.432] [main/DEBUG] [net.neoforged.fml.util.ServiceLoaderUtil/CORE]: 	       0 - net.neoforged.fml.loading.moddiscovery.locators.MavenDirectoryLocator from loader-4.0.41.jar
[21ago.2025 09:29:45.432] [main/DEBUG] [net.neoforged.fml.util.ServiceLoaderUtil/CORE]: 	   -1000 - [built-in] net.neoforged.fml.loading.moddiscovery.locators.UserdevLocator from loader-4.0.41.jar
[21ago.2025 09:29:45.433] [main/DEBUG] [net.neoforged.fml.util.ServiceLoaderUtil/CORE]: Found 2 implementations of IModFileReader:
[21ago.2025 09:29:45.433] [main/DEBUG] [net.neoforged.fml.util.ServiceLoaderUtil/CORE]: 	       0 - net.neoforged.fml.loading.moddiscovery.readers.JarModsDotTomlModFileReader from loader-4.0.41.jar
[21ago.2025 09:29:45.433] [main/DEBUG] [net.neoforged.fml.util.ServiceLoaderUtil/CORE]: 	   -1000 - net.neoforged.fml.loading.moddiscovery.readers.NestedLibraryModReader from loader-4.0.41.jar
[21ago.2025 09:29:45.435] [main/DEBUG] [net.neoforged.fml.util.ServiceLoaderUtil/CORE]: Found 1 implementations of IDependencyLocator:
[21ago.2025 09:29:45.435] [main/DEBUG] [net.neoforged.fml.util.ServiceLoaderUtil/CORE]: 	       0 - net.neoforged.fml.loading.moddiscovery.locators.JarInJarDependencyLocator from loader-4.0.41.jar
[21ago.2025 09:29:45.497] [main/DEBUG] [net.neoforged.fml.loading.moddiscovery.ModFileInfo/LOADING]: Found valid mod file neoforge-21.1.193.jar with {minecraft} mods - versions {1.21.1}
[21ago.2025 09:29:45.505] [main/DEBUG] [net.neoforged.fml.loading.moddiscovery.ModFileParser/LOADING]: Considering mod file candidate D:\IntelliJ\projects\PsionicTickMaster\build\moddev\artifacts\neoforge-21.1.193.jar
[21ago.2025 09:29:45.516] [main/DEBUG] [net.neoforged.fml.loading.moddiscovery.ModFileInfo/LOADING]: Found valid mod file neoforge-21.1.193.jar with {neoforge} mods - versions {21.1.193}
[21ago.2025 09:29:45.518] [main/DEBUG] [net.neoforged.fml.loading.moddiscovery.ModFileParser/LOADING]: Considering mod file candidate D:\IntelliJ\projects\PsionicTickMaster\run\mods\emi-1.1.22+1.21.1+neoforge.jar
[21ago.2025 09:29:45.522] [main/DEBUG] [net.neoforged.fml.loading.moddiscovery.ModFileInfo/LOADING]: Found valid mod file emi-1.1.22+1.21.1+neoforge.jar with {emi} mods - versions {1.1.22+1.21.1+neoforge}
[21ago.2025 09:29:45.523] [main/DEBUG] [net.neoforged.fml.loading.moddiscovery.ModFileParser/LOADING]: Considering mod file candidate D:\IntelliJ\projects\PsionicTickMaster\run\mods\Patchouli-1.21.1-92-NEOFORGE.jar
[21ago.2025 09:29:45.529] [main/DEBUG] [net.neoforged.fml.loading.moddiscovery.ModFileInfo/LOADING]: Found valid mod file Patchouli-1.21.1-92-NEOFORGE.jar with {patchouli} mods - versions {1.21.1-92-NEOFORGE}
[21ago.2025 09:29:45.531] [main/DEBUG] [net.neoforged.fml.loading.moddiscovery.ModFileParser/LOADING]: Considering mod file candidate D:\IntelliJ\projects\PsionicTickMaster\run\mods\Psi-1.21.1-105.jar
[21ago.2025 09:29:45.532] [main/DEBUG] [net.neoforged.fml.loading.moddiscovery.ModFileInfo/LOADING]: Found valid mod file Psi-1.21.1-105.jar with {psi} mods - versions {2.0.0}
[21ago.2025 09:29:45.535] [main/DEBUG] [net.neoforged.fml.loading.moddiscovery.ModListHandler/CORE]: Found mod coordinates from lists: []
[21ago.2025 09:29:45.536] [main/DEBUG] [net.neoforged.fml.loading.moddiscovery.ModFileParser/LOADING]: Considering mod file candidate D:\IntelliJ\projects\PsionicTickMaster\build\classes\java\main
[21ago.2025 09:29:45.543] [main/DEBUG] [net.neoforged.fml.loading.moddiscovery.ModFileInfo/LOADING]: Found valid mod file main with {psitickmaster} mods - versions {1.0-SNAPSHOT}
[21ago.2025 09:29:45.549] [main/DEBUG] [net.neoforged.fml.loading.moddiscovery.ModFileParser/LOADING]: Considering mod file candidate D:\IntelliJ\projects\PsionicTickMaster\build\moddev\artifacts\neoforge-21.1.193.jar
[21ago.2025 09:29:45.551] [main/DEBUG] [net.neoforged.fml.loading.moddiscovery.ModFileInfo/LOADING]: Found valid mod file neoforge-21.1.193.jar with {neoforge} mods - versions {21.1.193}
[21ago.2025 09:29:45.552] [main/DEBUG] [net.neoforged.fml.loading.moddiscovery.ModFileParser/LOADING]: Considering mod file candidate D:\IntelliJ\projects\PsionicTickMaster\libs\Psi-1.21.1-105.jar
[21ago.2025 09:29:45.553] [main/DEBUG] [net.neoforged.fml.loading.moddiscovery.ModFileInfo/LOADING]: Found valid mod file Psi-1.21.1-105.jar with {psi} mods - versions {2.0.0}
[21ago.2025 09:29:45.555] [main/DEBUG] [net.neoforged.fml.loading.moddiscovery.ModFileParser/LOADING]: Considering mod file candidate D:\IntelliJ\projects\PsionicTickMaster\libs\Patchouli-1.21.1-92-NEOFORGE.jar
[21ago.2025 09:29:45.555] [main/DEBUG] [net.neoforged.fml.loading.moddiscovery.ModFileInfo/LOADING]: Found valid mod file Patchouli-1.21.1-92-NEOFORGE.jar with {patchouli} mods - versions {1.21.1-92-NEOFORGE}
[21ago.2025 09:29:45.559] [pool-2-thread-1/INFO] [EARLYDISPLAY/]: GL info: NVIDIA GeForce RTX 4060 Ti/PCIe/SSE2 GL version 4.6.0 NVIDIA 580.88, NVIDIA Corporation
[21ago.2025 09:29:45.564] [main/DEBUG] [net.neoforged.fml.loading.moddiscovery.ModDiscoverer/]: Skipping C:\Users\pichau\.gradle\caches\modules-2\files-2.1\net.neoforged.fancymodloader\earlydisplay\4.0.41\53dfbd387ed1b88c7d144bdb6551b7f57d5da6d7\earlydisplay-4.0.41.jar because it was already located earlier
[21ago.2025 09:29:45.564] [main/DEBUG] [net.neoforged.fml.loading.moddiscovery.ModDiscoverer/]: Skipping C:\Users\pichau\.gradle\caches\modules-2\files-2.1\net.neoforged.fancymodloader\loader\4.0.41\3aebc81b9347fa87bb629ffaed20276f2a4c944e\loader-4.0.41.jar because it was already located earlier
[21ago.2025 09:29:45.564] [main/DEBUG] [net.neoforged.fml.loading.moddiscovery.ModDiscoverer/]: Skipping C:\Users\pichau\.gradle\caches\modules-2\files-2.1\net.neoforged.accesstransformers\at-modlauncher\10.0.1\5aba50202aceead086bc09fbc2751c9f05cb4890\at-modlauncher-10.0.1.jar because it was already located earlier
[21ago.2025 09:29:45.564] [main/DEBUG] [net.neoforged.fml.loading.moddiscovery.ModDiscoverer/]: Skipping C:\Users\pichau\.gradle\caches\modules-2\files-2.1\net.neoforged\accesstransformers\10.0.1\fd83b5725f76eae9115e9355fa1c456a6a441400\accesstransformers-10.0.1.jar because it was already located earlier
[21ago.2025 09:29:45.564] [main/DEBUG] [net.neoforged.fml.loading.moddiscovery.ModDiscoverer/]: Skipping C:\Users\pichau\.gradle\caches\modules-2\files-2.1\net.neoforged\bus\8.0.5\5b2d33285ab5d1554e9798ad98c40d6ea3868bd5\bus-8.0.5.jar because it was already located earlier
[21ago.2025 09:29:45.566] [main/DEBUG] [net.neoforged.fml.loading.moddiscovery.ModDiscoverer/]: Skipping C:\Users\pichau\.gradle\caches\modules-2\files-2.1\net.neoforged\coremods\7.0.3\9147e6f638b4272b3bd5fc8f92ad37802512c6c\coremods-7.0.3.jar because it was already located earlier
[21ago.2025 09:29:45.566] [main/DEBUG] [net.neoforged.fml.loading.moddiscovery.ModDiscoverer/]: Skipping C:\Users\pichau\.gradle\caches\modules-2\files-2.1\cpw.mods\modlauncher\11.0.5\b8f0d49294f733fdb6173931b263553e943dc950\modlauncher-11.0.5.jar because it was already located earlier
[21ago.2025 09:29:45.566] [main/DEBUG] [net.neoforged.fml.loading.moddiscovery.ModDiscoverer/]: Skipping C:\Users\pichau\.gradle\caches\modules-2\files-2.1\net.neoforged\mergetool\2.0.0\52fe1949be64e3303aabaaa21e315f551db9c9f4\mergetool-2.0.0-api.jar because it was already located earlier
[21ago.2025 09:29:45.566] [main/DEBUG] [net.neoforged.fml.loading.moddiscovery.ModDiscoverer/]: Skipping C:\Users\pichau\.gradle\caches\modules-2\files-2.1\com.electronwill.night-config\toml\3.8.2\c128842f759692f613ea6c3ef0ef052273bbb38c\toml-3.8.2.jar because it was already located earlier
[21ago.2025 09:29:45.566] [main/DEBUG] [net.neoforged.fml.loading.moddiscovery.ModDiscoverer/]: Skipping C:\Users\pichau\.gradle\caches\modules-2\files-2.1\com.electronwill.night-config\core\3.8.2\94eee571e1524129804d08c75f6416a3be380ad4\core-3.8.2.jar because it was already located earlier
[21ago.2025 09:29:45.566] [main/DEBUG] [net.neoforged.fml.loading.moddiscovery.ModDiscoverer/]: Skipping C:\Users\pichau\.gradle\caches\modules-2\files-2.1\net.neoforged\JarJarSelector\0.4.1\fb3cc7a58af22ad2880adb98af6d518128c47dae\JarJarSelector-0.4.1.jar because it was already located earlier
[21ago.2025 09:29:45.566] [main/DEBUG] [net.neoforged.fml.loading.moddiscovery.ModDiscoverer/]: Skipping C:\Users\pichau\.gradle\caches\modules-2\files-2.1\net.neoforged\JarJarMetadata\0.4.1\f8da03683dc81694556dc3e177c5e3bb77ae6fcb\JarJarMetadata-0.4.1.jar because it was already located earlier
[21ago.2025 09:29:45.566] [main/DEBUG] [net.neoforged.fml.loading.moddiscovery.ModDiscoverer/]: Skipping C:\Users\pichau\.gradle\caches\modules-2\files-2.1\org.apache.maven\maven-artifact\3.8.5\4433f50c07debefaed0553bd0068f4f48d449313\maven-artifact-3.8.5.jar because it was already located earlier
[21ago.2025 09:29:45.566] [main/DEBUG] [net.neoforged.fml.loading.moddiscovery.ModDiscoverer/]: Skipping C:\Users\pichau\.gradle\caches\modules-2\files-2.1\net.jodah\typetools\0.6.3\a01aaa6ddaea9ec07ec4f209487b7a46a526283a\typetools-0.6.3.jar because it was already located earlier
[21ago.2025 09:29:45.566] [main/DEBUG] [net.neoforged.fml.loading.moddiscovery.ModDiscoverer/]: Skipping C:\Users\pichau\.gradle\caches\modules-2\files-2.1\net.minecrell\terminalconsoleappender\1.3.0\b562e9bb61235c9520e26282cdee71f8f802d1fc\terminalconsoleappender-1.3.0.jar because it was already located earlier
[21ago.2025 09:29:45.566] [main/DEBUG] [net.neoforged.fml.loading.moddiscovery.ModDiscoverer/]: Skipping C:\Users\pichau\.gradle\caches\modules-2\files-2.1\net.fabricmc\sponge-mixin\0.15.2+mixin.0.8.7\2af2f021d8e02a0220dc27a7a72b4666d66d44ca\sponge-mixin-0.15.2+mixin.0.8.7.jar because it was already located earlier
[21ago.2025 09:29:45.566] [main/DEBUG] [net.neoforged.fml.loading.moddiscovery.ModDiscoverer/]: Skipping C:\Users\pichau\.gradle\caches\modules-2\files-2.1\org.openjdk.nashorn\nashorn-core\15.4\f67f5ffaa5f5130cf6fb9b133da00c7df3b532a5\nashorn-core-15.4.jar because it was already located earlier
[21ago.2025 09:29:45.566] [main/DEBUG] [net.neoforged.fml.loading.moddiscovery.ModDiscoverer/]: Skipping C:\Users\pichau\.gradle\caches\modules-2\files-2.1\org.apache.commons\commons-lang3\3.14.0\1ed471194b02f2c6cb734a0cd6f6f107c673afae\commons-lang3-3.14.0.jar because it was already located earlier
[21ago.2025 09:29:45.567] [main/DEBUG] [net.neoforged.fml.loading.moddiscovery.ModDiscoverer/]: Skipping C:\Users\pichau\.gradle\caches\modules-2\files-2.1\net.sf.jopt-simple\jopt-simple\5.0.4\4fdac2fbe92dfad86aa6e9301736f6b4342a3f5c\jopt-simple-5.0.4.jar because it was already located earlier
[21ago.2025 09:29:45.567] [main/DEBUG] [net.neoforged.fml.loading.moddiscovery.ModDiscoverer/]: Skipping C:\Users\pichau\.gradle\caches\modules-2\files-2.1\commons-io\commons-io\2.15.1\f11560da189ab563a5c8e351941415430e9304ea\commons-io-2.15.1.jar because it was already located earlier
[21ago.2025 09:29:45.567] [main/DEBUG] [net.neoforged.fml.loading.moddiscovery.ModDiscoverer/]: Skipping C:\Users\pichau\.gradle\caches\modules-2\files-2.1\com.mojang\logging\1.2.7\24cb95ffb0e3433fd6e844c04e68009e504ca1c0\logging-1.2.7.jar because it was already located earlier
[21ago.2025 09:29:45.567] [main/DEBUG] [net.neoforged.fml.loading.moddiscovery.ModDiscoverer/]: Skipping C:\Users\pichau\.gradle\caches\modules-2\files-2.1\org.apache.logging.log4j\log4j-slf4j2-impl\2.22.1\d7e6693c2606cb7e7335047d7bb96dec52db5665\log4j-slf4j2-impl-2.22.1.jar because it was already located earlier
[21ago.2025 09:29:45.567] [main/DEBUG] [net.neoforged.fml.loading.moddiscovery.ModDiscoverer/]: Skipping C:\Users\pichau\.gradle\caches\modules-2\files-2.1\org.apache.logging.log4j\log4j-core\2.22.1\7183a25510a02ad00cc6a95d3b3d2a7d3c5a8dc4\log4j-core-2.22.1.jar because it was already located earlier
[21ago.2025 09:29:45.567] [main/DEBUG] [net.neoforged.fml.loading.moddiscovery.ModDiscoverer/]: Skipping C:\Users\pichau\.gradle\caches\modules-2\files-2.1\org.apache.logging.log4j\log4j-api\2.22.1\bea6fede6328fabafd7e68363161a7ea6605abd1\log4j-api-2.22.1.jar because it was already located earlier
[21ago.2025 09:29:45.567] [main/DEBUG] [net.neoforged.fml.loading.moddiscovery.ModDiscoverer/]: Skipping C:\Users\pichau\.gradle\caches\modules-2\files-2.1\com.google.guava\guava\32.1.2-jre\5e64ec7e056456bef3a4bc4c6fdaef71e8ab6318\guava-32.1.2-jre.jar because it was already located earlier
[21ago.2025 09:29:45.567] [main/DEBUG] [net.neoforged.fml.loading.moddiscovery.ModDiscoverer/]: Skipping C:\Users\pichau\.gradle\caches\modules-2\files-2.1\com.google.code.gson\gson\2.10.1\b3add478d4382b78ea20b1671390a858002feb6c\gson-2.10.1.jar because it was already located earlier
[21ago.2025 09:29:45.567] [main/DEBUG] [net.neoforged.fml.loading.moddiscovery.ModDiscoverer/]: Skipping C:\Users\pichau\.gradle\caches\modules-2\files-2.1\org.slf4j\slf4j-api\2.0.9\7cf2726fdcfbc8610f9a71fb3ed639871f315340\slf4j-api-2.0.9.jar because it was already located earlier
[21ago.2025 09:29:45.567] [main/DEBUG] [net.neoforged.fml.loading.moddiscovery.ModDiscoverer/]: Skipping C:\Users\pichau\.gradle\caches\modules-2\files-2.1\org.antlr\antlr4-runtime\4.13.1\17125bae1d965624e265ef49552f6465a2bfa307\antlr4-runtime-4.13.1.jar because it was already located earlier
[21ago.2025 09:29:45.567] [main/DEBUG] [net.neoforged.fml.loading.moddiscovery.ModDiscoverer/]: Skipping C:\Users\pichau\.gradle\caches\modules-2\files-2.1\net.minecraftforge\srgutils\0.4.15\ca408b131759478f164e010fae0d73997e125fb5\srgutils-0.4.15.jar because it was already located earlier
[21ago.2025 09:29:45.568] [main/DEBUG] [net.neoforged.fml.loading.moddiscovery.ModDiscoverer/]: Skipping C:\Users\pichau\.gradle\caches\modules-2\files-2.1\org.codehaus.plexus\plexus-utils\3.3.0\cf43b5391de623b36fe066a21127baef82c64022\plexus-utils-3.3.0.jar because it was already located earlier
[21ago.2025 09:29:45.568] [main/DEBUG] [net.neoforged.fml.loading.moddiscovery.ModDiscoverer/]: Skipping C:\Users\pichau\.gradle\caches\modules-2\files-2.1\org.jline\jline-reader\3.20.0\8f15415b022a25b473e8e16c28ae913186ffb9c4\jline-reader-3.20.0.jar because it was already located earlier
[21ago.2025 09:29:45.568] [main/DEBUG] [net.neoforged.fml.loading.moddiscovery.ModDiscoverer/]: Skipping C:\Users\pichau\.gradle\caches\modules-2\files-2.1\com.machinezoo.noexception\noexception\1.7.1\b65330c98e38a1f915fa54a6e5eca496505e3f0a\noexception-1.7.1.jar because it was already located earlier
[21ago.2025 09:29:45.568] [main/DEBUG] [net.neoforged.fml.loading.moddiscovery.ModDiscoverer/]: Skipping C:\Users\pichau\.gradle\caches\modules-2\files-2.1\com.github.oshi\oshi-core\6.4.10\b1d8ab82d11d92fd639b56d639f8f46f739dd5fa\oshi-core-6.4.10.jar because it was already located earlier
[21ago.2025 09:29:45.568] [main/DEBUG] [net.neoforged.fml.loading.moddiscovery.ModDiscoverer/]: Skipping C:\Users\pichau\.gradle\caches\modules-2\files-2.1\com.google.guava\failureaccess\1.0.1\1dcf1de382a0bf95a3d8b0849546c88bac1292c9\failureaccess-1.0.1.jar because it was already located earlier
[21ago.2025 09:29:45.568] [main/DEBUG] [net.neoforged.fml.loading.moddiscovery.ModDiscoverer/]: Skipping C:\Users\pichau\.gradle\caches\modules-2\files-2.1\com.ibm.icu\icu4j\73.2\61ad4ef7f9131fcf6d25c34b817f90d6da06c9e9\icu4j-73.2.jar because it was already located earlier
[21ago.2025 09:29:45.568] [main/DEBUG] [net.neoforged.fml.loading.moddiscovery.ModDiscoverer/]: Skipping C:\Users\pichau\.gradle\caches\modules-2\files-2.1\com.mojang\authlib\6.0.54\de8bc95660e1b2fe8793fd427a7a10dcec5b3ea7\authlib-6.0.54.jar because it was already located earlier
[21ago.2025 09:29:45.568] [main/DEBUG] [net.neoforged.fml.loading.moddiscovery.ModDiscoverer/]: Skipping C:\Users\pichau\.gradle\caches\modules-2\files-2.1\com.mojang\blocklist\1.0.10\5c685c5ffa94c4cd39496c7184c1d122e515ecef\blocklist-1.0.10.jar because it was already located earlier
[21ago.2025 09:29:45.568] [main/DEBUG] [net.neoforged.fml.loading.moddiscovery.ModDiscoverer/]: Skipping C:\Users\pichau\.gradle\caches\modules-2\files-2.1\com.mojang\brigadier\1.3.10\d15b53a14cf20fdcaa98f731af5dda654452c010\brigadier-1.3.10.jar because it was already located earlier
[21ago.2025 09:29:45.569] [main/DEBUG] [net.neoforged.fml.loading.moddiscovery.ModDiscoverer/]: Skipping C:\Users\pichau\.gradle\caches\modules-2\files-2.1\com.mojang\datafixerupper\8.0.16\67d4de6d7f95d89bcf5862995fb854ebaec02a34\datafixerupper-8.0.16.jar because it was already located earlier
[21ago.2025 09:29:45.569] [main/DEBUG] [net.neoforged.fml.loading.moddiscovery.ModDiscoverer/]: Skipping C:\Users\pichau\.gradle\caches\modules-2\files-2.1\com.mojang\patchy\2.2.10\da05971b07cbb379d002cf7eaec6a2048211fefc\patchy-2.2.10.jar because it was already located earlier
[21ago.2025 09:29:45.569] [main/DEBUG] [net.neoforged.fml.loading.moddiscovery.ModDiscoverer/]: Skipping C:\Users\pichau\.gradle\caches\modules-2\files-2.1\com.mojang\text2speech\1.17.9\3cad216e3a7f0c19b4b394388bc9ffc446f13b14\text2speech-1.17.9.jar because it was already located earlier
[21ago.2025 09:29:45.569] [main/DEBUG] [net.neoforged.fml.loading.moddiscovery.ModDiscoverer/]: Skipping C:\Users\pichau\.gradle\caches\modules-2\files-2.1\commons-codec\commons-codec\1.16.0\4e3eb3d79888d76b54e28b350915b5dc3919c9de\commons-codec-1.16.0.jar because it was already located earlier
[21ago.2025 09:29:45.569] [main/DEBUG] [net.neoforged.fml.loading.moddiscovery.ModDiscoverer/]: Skipping C:\Users\pichau\.gradle\caches\modules-2\files-2.1\commons-logging\commons-logging\1.2\4bfc12adfe4842bf07b657f0369c4cb522955686\commons-logging-1.2.jar because it was already located earlier
[21ago.2025 09:29:45.569] [main/DEBUG] [net.neoforged.fml.loading.moddiscovery.ModDiscoverer/]: Skipping C:\Users\pichau\.gradle\caches\modules-2\files-2.1\io.netty\netty-buffer\4.1.97.Final\f8f3d8644afa5e6e1a40a3a6aeb9d9aa970ecb4f\netty-buffer-4.1.97.Final.jar because it was already located earlier
[21ago.2025 09:29:45.569] [main/DEBUG] [net.neoforged.fml.loading.moddiscovery.ModDiscoverer/]: Skipping C:\Users\pichau\.gradle\caches\modules-2\files-2.1\io.netty\netty-codec\4.1.97.Final\384ba4d75670befbedb45c4d3b497a93639c206d\netty-codec-4.1.97.Final.jar because it was already located earlier
[21ago.2025 09:29:45.569] [main/DEBUG] [net.neoforged.fml.loading.moddiscovery.ModDiscoverer/]: Skipping C:\Users\pichau\.gradle\caches\modules-2\files-2.1\io.netty\netty-common\4.1.97.Final\7cceacaf11df8dc63f23d0fb58e9d4640fc88404\netty-common-4.1.97.Final.jar because it was already located earlier
[21ago.2025 09:29:45.569] [main/DEBUG] [net.neoforged.fml.loading.moddiscovery.ModDiscoverer/]: Skipping C:\Users\pichau\.gradle\caches\modules-2\files-2.1\io.netty\netty-handler\4.1.97.Final\abb86c6906bf512bf2b797a41cd7d2e8d3cd7c36\netty-handler-4.1.97.Final.jar because it was already located earlier
[21ago.2025 09:29:45.569] [main/DEBUG] [net.neoforged.fml.loading.moddiscovery.ModDiscoverer/]: Skipping C:\Users\pichau\.gradle\caches\modules-2\files-2.1\io.netty\netty-resolver\4.1.97.Final\cec8348108dc76c47cf87c669d514be52c922144\netty-resolver-4.1.97.Final.jar because it was already located earlier
[21ago.2025 09:29:45.569] [main/DEBUG] [net.neoforged.fml.loading.moddiscovery.ModDiscoverer/]: Skipping C:\Users\pichau\.gradle\caches\modules-2\files-2.1\io.netty\netty-transport-classes-epoll\4.1.97.Final\795da37ded759e862457a82d9d92c4d39ce8ecee\netty-transport-classes-epoll-4.1.97.Final.jar because it was already located earlier
[21ago.2025 09:29:45.569] [main/DEBUG] [net.neoforged.fml.loading.moddiscovery.ModDiscoverer/]: Skipping C:\Users\pichau\.gradle\caches\modules-2\files-2.1\io.netty\netty-transport-native-unix-common\4.1.97.Final\d469d84265ab70095b01b40886cabdd433b6e664\netty-transport-native-unix-common-4.1.97.Final.jar because it was already located earlier
[21ago.2025 09:29:45.569] [main/DEBUG] [net.neoforged.fml.loading.moddiscovery.ModDiscoverer/]: Skipping C:\Users\pichau\.gradle\caches\modules-2\files-2.1\io.netty\netty-transport\4.1.97.Final\f37380d23c9bb079bc702910833b2fd532c9abd0\netty-transport-4.1.97.Final.jar because it was already located earlier
[21ago.2025 09:29:45.569] [main/DEBUG] [net.neoforged.fml.loading.moddiscovery.ModDiscoverer/]: Skipping C:\Users\pichau\.gradle\caches\modules-2\files-2.1\it.unimi.dsi\fastutil\8.5.12\c24946d46824bd528054bface3231d2ecb7e95e8\fastutil-8.5.12.jar because it was already located earlier
[21ago.2025 09:29:45.569] [main/DEBUG] [net.neoforged.fml.loading.moddiscovery.ModDiscoverer/]: Skipping C:\Users\pichau\.gradle\caches\modules-2\files-2.1\net.java.dev.jna\jna-platform\5.14.0\28934d48aed814f11e4c584da55c49fa7032b31b\jna-platform-5.14.0.jar because it was already located earlier
[21ago.2025 09:29:45.570] [main/DEBUG] [net.neoforged.fml.loading.moddiscovery.ModDiscoverer/]: Skipping C:\Users\pichau\.gradle\caches\modules-2\files-2.1\net.java.dev.jna\jna\5.14.0\67bf3eaea4f0718cb376a181a629e5f88fa1c9dd\jna-5.14.0.jar because it was already located earlier
[21ago.2025 09:29:45.570] [main/DEBUG] [net.neoforged.fml.loading.moddiscovery.ModDiscoverer/]: Skipping C:\Users\pichau\.gradle\caches\modules-2\files-2.1\org.apache.commons\commons-compress\1.26.0\659feffdd12280201c8aacb8f7be94f9a883c824\commons-compress-1.26.0.jar because it was already located earlier
[21ago.2025 09:29:45.570] [main/DEBUG] [net.neoforged.fml.loading.moddiscovery.ModDiscoverer/]: Skipping C:\Users\pichau\.gradle\caches\modules-2\files-2.1\org.apache.httpcomponents\httpclient\4.5.13\e5f6cae5ca7ecaac1ec2827a9e2d65ae2869cada\httpclient-4.5.13.jar because it was already located earlier
[21ago.2025 09:29:45.570] [main/DEBUG] [net.neoforged.fml.loading.moddiscovery.ModDiscoverer/]: Skipping C:\Users\pichau\.gradle\caches\modules-2\files-2.1\org.apache.httpcomponents\httpcore\4.4.16\51cf043c87253c9f58b539c9f7e44c8894223850\httpcore-4.4.16.jar because it was already located earlier
[21ago.2025 09:29:45.570] [main/DEBUG] [net.neoforged.fml.loading.moddiscovery.ModDiscoverer/]: Skipping C:\Users\pichau\.gradle\caches\modules-2\files-2.1\org.jcraft\jorbis\0.0.17\8872d22b293e8f5d7d56ff92be966e6dc28ebdc6\jorbis-0.0.17.jar because it was already located earlier
[21ago.2025 09:29:45.570] [main/DEBUG] [net.neoforged.fml.loading.moddiscovery.ModDiscoverer/]: Skipping C:\Users\pichau\.gradle\caches\modules-2\files-2.1\org.joml\joml\1.10.5\22566d58af70ad3d72308bab63b8339906deb649\joml-1.10.5.jar because it was already located earlier
[21ago.2025 09:29:45.570] [main/DEBUG] [net.neoforged.fml.loading.moddiscovery.ModDiscoverer/]: Skipping C:\Users\pichau\.gradle\caches\modules-2\files-2.1\org.lwjgl\lwjgl-freetype\3.3.3\a0db6c84a8becc8ca05f9dbfa985edc348a824c7\lwjgl-freetype-3.3.3.jar because it was already located earlier
[21ago.2025 09:29:45.572] [main/DEBUG] [net.neoforged.fml.loading.moddiscovery.ModDiscoverer/]: Skipping C:\Users\pichau\.gradle\caches\modules-2\files-2.1\org.lwjgl\lwjgl-freetype\3.3.3\15a8c1de7f51d07a92eae7ce1222557073a0c0c3\lwjgl-freetype-3.3.3-natives-windows-x86.jar because it was already located earlier
[21ago.2025 09:29:45.572] [main/DEBUG] [net.neoforged.fml.loading.moddiscovery.ModDiscoverer/]: Skipping C:\Users\pichau\.gradle\caches\modules-2\files-2.1\org.lwjgl\lwjgl-glfw\3.3.3\efa1eb78c5ccd840e9f329717109b5e892d72f8e\lwjgl-glfw-3.3.3.jar because it was already located earlier
[21ago.2025 09:29:45.575] [main/DEBUG] [net.neoforged.fml.loading.moddiscovery.ModDiscoverer/]: Skipping C:\Users\pichau\.gradle\caches\modules-2\files-2.1\org.lwjgl\lwjgl-glfw\3.3.3\32334f3fd5270a59bad9939a93115acb6de36dcf\lwjgl-glfw-3.3.3-natives-windows-x86.jar because it was already located earlier
[21ago.2025 09:29:45.575] [main/DEBUG] [net.neoforged.fml.loading.moddiscovery.ModDiscoverer/]: Skipping C:\Users\pichau\.gradle\caches\modules-2\files-2.1\org.lwjgl\lwjgl-jemalloc\3.3.3\b543467b7ff3c6920539a88ee602d34098628be5\lwjgl-jemalloc-3.3.3.jar because it was already located earlier
[21ago.2025 09:29:45.575] [main/DEBUG] [net.neoforged.fml.loading.moddiscovery.ModDiscoverer/]: Skipping C:\Users\pichau\.gradle\caches\modules-2\files-2.1\org.lwjgl\lwjgl-jemalloc\3.3.3\426222fc027602a5f21b9c0fe79cde6a4c7a011f\lwjgl-jemalloc-3.3.3-natives-windows.jar because it was already located earlier
[21ago.2025 09:29:45.577] [main/DEBUG] [net.neoforged.fml.loading.moddiscovery.ModDiscoverer/]: Skipping C:\Users\pichau\.gradle\caches\modules-2\files-2.1\org.lwjgl\lwjgl-openal\3.3.3\daada81ceb5fc0c291fbfdd4433cb8d9423577f2\lwjgl-openal-3.3.3.jar because it was already located earlier
[21ago.2025 09:29:45.580] [main/DEBUG] [net.neoforged.fml.loading.moddiscovery.ModDiscoverer/]: Skipping C:\Users\pichau\.gradle\caches\modules-2\files-2.1\org.lwjgl\lwjgl-openal\3.3.3\87b8d5050e3adb46bb58fe1cb2669a4a48fce10d\lwjgl-openal-3.3.3-natives-windows-x86.jar because it was already located earlier
[21ago.2025 09:29:45.580] [main/DEBUG] [net.neoforged.fml.loading.moddiscovery.ModDiscoverer/]: Skipping C:\Users\pichau\.gradle\caches\modules-2\files-2.1\org.lwjgl\lwjgl-opengl\3.3.3\2f6b0147078396a58979125a4c947664e98293a\lwjgl-opengl-3.3.3.jar because it was already located earlier
[21ago.2025 09:29:45.581] [main/DEBUG] [net.neoforged.fml.loading.moddiscovery.ModDiscoverer/]: Skipping C:\Users\pichau\.gradle\caches\modules-2\files-2.1\org.lwjgl\lwjgl-opengl\3.3.3\65e956d3735a1abdc82eff4baec1b61174697d4b\lwjgl-opengl-3.3.3-natives-windows-arm64.jar because it was already located earlier
[21ago.2025 09:29:45.582] [main/DEBUG] [net.neoforged.fml.loading.moddiscovery.ModDiscoverer/]: Skipping C:\Users\pichau\.gradle\caches\modules-2\files-2.1\org.lwjgl\lwjgl-stb\3.3.3\25dd6161988d7e65f71d5065c99902402ee32746\lwjgl-stb-3.3.3.jar because it was already located earlier
[21ago.2025 09:29:45.582] [main/DEBUG] [net.neoforged.fml.loading.moddiscovery.ModDiscoverer/]: Skipping C:\Users\pichau\.gradle\caches\modules-2\files-2.1\org.lwjgl\lwjgl-stb\3.3.3\1d9facdf6541de114b0f963be33505b7679c78cb\lwjgl-stb-3.3.3-natives-windows.jar because it was already located earlier
[21ago.2025 09:29:45.583] [main/DEBUG] [net.neoforged.fml.loading.moddiscovery.ModDiscoverer/]: Skipping C:\Users\pichau\.gradle\caches\modules-2\files-2.1\org.lwjgl\lwjgl-tinyfd\3.3.3\82d755ca94b102e9ca77283b9e2dc46d1b15fbe5\lwjgl-tinyfd-3.3.3.jar because it was already located earlier
[21ago.2025 09:29:45.585] [main/DEBUG] [net.neoforged.fml.loading.moddiscovery.ModDiscoverer/]: Skipping C:\Users\pichau\.gradle\caches\modules-2\files-2.1\org.lwjgl\lwjgl-tinyfd\3.3.3\a6697981b0449a5087c1d546fc08b4f73e8f98c9\lwjgl-tinyfd-3.3.3-natives-windows.jar because it was already located earlier
[21ago.2025 09:29:45.586] [main/DEBUG] [net.neoforged.fml.loading.moddiscovery.ModDiscoverer/]: Skipping C:\Users\pichau\.gradle\caches\modules-2\files-2.1\org.lwjgl\lwjgl\3.3.3\29589b5f87ed335a6c7e7ee6a5775f81f97ecb84\lwjgl-3.3.3.jar because it was already located earlier
[21ago.2025 09:29:45.589] [main/DEBUG] [net.neoforged.fml.loading.moddiscovery.ModDiscoverer/]: Skipping C:\Users\pichau\.gradle\caches\modules-2\files-2.1\org.lwjgl\lwjgl\3.3.3\9e670718e050aeaeea0c2d5b907cffb142f2e58f\lwjgl-3.3.3-natives-windows-x86.jar because it was already located earlier
[21ago.2025 09:29:45.589] [main/DEBUG] [net.neoforged.fml.loading.moddiscovery.ModDiscoverer/]: Skipping C:\Users\pichau\.gradle\caches\modules-2\files-2.1\org.lz4\lz4-java\1.8.0\4b986a99445e49ea5fbf5d149c4b63f6ed6c6780\lz4-java-1.8.0.jar because it was already located earlier
[21ago.2025 09:29:45.589] [main/DEBUG] [net.neoforged.fml.loading.moddiscovery.ModDiscoverer/]: Skipping C:\Users\pichau\.gradle\caches\modules-2\files-2.1\org.jline\jline-terminal\3.20.0\d0ddcc708ddf527a3454c941b7b9225cc83a15ff\jline-terminal-3.20.0.jar because it was already located earlier
[21ago.2025 09:29:45.589] [main/DEBUG] [net.neoforged.fml.loading.moddiscovery.ModDiscoverer/]: Skipping C:\Users\pichau\.gradle\caches\modules-2\files-2.1\com.google.guava\listenablefuture\9999.0-empty-to-avoid-conflict-with-guava\b421526c5f297295adef1c886e5246c39d4ac629\listenablefuture-9999.0-empty-to-avoid-conflict-with-guava.jar because it was already located earlier
[21ago.2025 09:29:45.589] [main/DEBUG] [net.neoforged.fml.loading.moddiscovery.ModDiscoverer/]: Skipping C:\Users\pichau\.gradle\caches\modules-2\files-2.1\com.google.code.findbugs\jsr305\3.0.2\25ea2e8b0c338a877313bd4672d3fe056ea78f0d\jsr305-3.0.2.jar because it was already located earlier
[21ago.2025 09:29:45.589] [main/DEBUG] [net.neoforged.fml.loading.moddiscovery.ModDiscoverer/]: Skipping C:\Users\pichau\.gradle\caches\modules-2\files-2.1\org.checkerframework\checker-qual\3.33.0\de2b60b62da487644fc11f734e73c8b0b431238f\checker-qual-3.33.0.jar because it was already located earlier
[21ago.2025 09:29:45.589] [main/DEBUG] [net.neoforged.fml.loading.moddiscovery.ModDiscoverer/]: Skipping C:\Users\pichau\.gradle\caches\modules-2\files-2.1\com.google.errorprone\error_prone_annotations\2.18.0\89b684257096f548fa39a7df9fdaa409d4d4df91\error_prone_annotations-2.18.0.jar because it was already located earlier
[21ago.2025 09:29:45.589] [main/DEBUG] [net.neoforged.fml.loading.moddiscovery.ModDiscoverer/]: Skipping C:\Users\pichau\.gradle\caches\modules-2\files-2.1\com.google.j2objc\j2objc-annotations\2.8\c85270e307e7b822f1086b93689124b89768e273\j2objc-annotations-2.8.jar because it was already located earlier
[21ago.2025 09:29:45.591] [main/DEBUG] [net.neoforged.fml.loading.UniqueModListBuilder/]: Found 2 mods for first modid psi, selecting most recent based on version data
[21ago.2025 09:29:45.591] [main/DEBUG] [net.neoforged.fml.loading.UniqueModListBuilder/]: Selected file Psi-1.21.1-105.jar for modid psi with version 2.0.0
[21ago.2025 09:29:45.591] [main/DEBUG] [net.neoforged.fml.loading.UniqueModListBuilder/]: Found 2 mods for first modid patchouli, selecting most recent based on version data
[21ago.2025 09:29:45.591] [main/DEBUG] [net.neoforged.fml.loading.UniqueModListBuilder/]: Selected file Patchouli-1.21.1-92-NEOFORGE.jar for modid patchouli with version 1.21.1-92-NEOFORGE
[21ago.2025 09:29:45.591] [main/DEBUG] [net.neoforged.fml.loading.UniqueModListBuilder/]: Found 2 mods for first modid neoforge, selecting most recent based on version data
[21ago.2025 09:29:45.591] [main/DEBUG] [net.neoforged.fml.loading.UniqueModListBuilder/]: Selected file neoforge-21.1.193.jar for modid neoforge with version 21.1.193
[21ago.2025 09:29:45.686] [main/INFO] [net.neoforged.fml.loading.moddiscovery.locators.JarInJarDependencyLocator/]: Found 2 dependencies adding them to mods collection
[21ago.2025 09:29:45.687] [main/INFO] [net.neoforged.fml.loading.moddiscovery.ModDiscoverer/]: 
     Mod List:
		Name Version (Mod Id)

		EMI 1.1.22+1.21.1+neoforge (emi)
		Minecraft 1.21.1 (minecraft)
		NeoForge 21.1.193 (neoforge)
		Patchouli 1.21.1-92-NEOFORGE (patchouli)
		Psi 2.0.0 (psi)
		Psionic Tick Master 1.0-SNAPSHOT (psitickmaster)
[21ago.2025 09:29:45.689] [main/DEBUG] [net.neoforged.fml.loading.moddiscovery.ModFileInfo/LOADING]: Found valid mod file neoforge-21.1.193.jar with {minecraft} mods - versions {1.21.1}
[21ago.2025 09:29:45.691] [main/DEBUG] [net.neoforged.fml.loading.moddiscovery.ModFile/LOADING]: Loading mod file D:\IntelliJ\projects\PsionicTickMaster\build\moddev\artifacts\neoforge-21.1.193.jar with languages [LanguageSpec[languageName=minecraft, acceptedVersions=1]]
[21ago.2025 09:29:45.692] [main/DEBUG] [net.neoforged.fml.loading.moddiscovery.ModFileParser/LOADING]: Considering mod file candidate D:\IntelliJ\projects\PsionicTickMaster\run\mods\emi-1.1.22+1.21.1+neoforge.jar
[21ago.2025 09:29:45.693] [main/DEBUG] [net.neoforged.fml.loading.moddiscovery.ModFileInfo/LOADING]: Found valid mod file emi-1.1.22+1.21.1+neoforge.jar with {emi} mods - versions {1.1.22+1.21.1+neoforge}
[21ago.2025 09:29:45.693] [main/DEBUG] [net.neoforged.fml.loading.moddiscovery.ModFile/LOADING]: Loading mod file D:\IntelliJ\projects\PsionicTickMaster\run\mods\emi-1.1.22+1.21.1+neoforge.jar with languages [LanguageSpec[languageName=javafml, acceptedVersions=[1,)]]
[21ago.2025 09:29:45.694] [main/DEBUG] [net.neoforged.fml.loading.moddiscovery.ModFile/LOADING]: Found mixin config MixinConfig[config=emi.mixins.json, requiredMods=[]]
[21ago.2025 09:29:45.694] [main/DEBUG] [net.neoforged.fml.loading.moddiscovery.ModFile/LOADING]: Found mixin config MixinConfig[config=emi-neoforge.mixins.json, requiredMods=[]]
[21ago.2025 09:29:45.694] [main/DEBUG] [net.neoforged.fml.loading.moddiscovery.ModFileParser/LOADING]: Considering mod file candidate D:\IntelliJ\projects\PsionicTickMaster\run\mods\Psi-1.21.1-105.jar
[21ago.2025 09:29:45.695] [main/DEBUG] [net.neoforged.fml.loading.moddiscovery.ModFileInfo/LOADING]: Found valid mod file Psi-1.21.1-105.jar with {psi} mods - versions {2.0.0}
[21ago.2025 09:29:45.695] [main/DEBUG] [net.neoforged.fml.loading.moddiscovery.ModFile/LOADING]: Loading mod file D:\IntelliJ\projects\PsionicTickMaster\run\mods\Psi-1.21.1-105.jar with languages [LanguageSpec[languageName=javafml, acceptedVersions=[1,)]]
[21ago.2025 09:29:45.696] [main/DEBUG] [net.neoforged.fml.loading.moddiscovery.ModFile/LOADING]: Found mixin config MixinConfig[config=psi.mixins.json, requiredMods=[]]
[21ago.2025 09:29:45.696] [main/DEBUG] [net.neoforged.fml.loading.moddiscovery.ModFileParser/LOADING]: Considering mod file candidate D:\IntelliJ\projects\PsionicTickMaster\build\classes\java\main
[21ago.2025 09:29:45.697] [main/DEBUG] [net.neoforged.fml.loading.moddiscovery.ModFileInfo/LOADING]: Found valid mod file main with {psitickmaster} mods - versions {1.0-SNAPSHOT}
[21ago.2025 09:29:45.697] [main/DEBUG] [net.neoforged.fml.loading.moddiscovery.ModFile/LOADING]: Loading mod file D:\IntelliJ\projects\PsionicTickMaster\build\classes\java\main with languages [LanguageSpec[languageName=javafml, acceptedVersions=[4,)]]
[21ago.2025 09:29:45.697] [main/DEBUG] [net.neoforged.fml.loading.moddiscovery.ModFile/LOADING]: Found mixin config MixinConfig[config=psitickmaster.mixins.json, requiredMods=[]]
[21ago.2025 09:29:45.699] [main/DEBUG] [net.neoforged.fml.loading.moddiscovery.ModFileParser/LOADING]: Considering mod file candidate D:\IntelliJ\projects\PsionicTickMaster\run\mods\Patchouli-1.21.1-92-NEOFORGE.jar
[21ago.2025 09:29:45.699] [main/DEBUG] [net.neoforged.fml.loading.moddiscovery.ModFileInfo/LOADING]: Found valid mod file Patchouli-1.21.1-92-NEOFORGE.jar with {patchouli} mods - versions {1.21.1-92-NEOFORGE}
[21ago.2025 09:29:45.699] [main/DEBUG] [net.neoforged.fml.loading.moddiscovery.ModFile/LOADING]: Loading mod file D:\IntelliJ\projects\PsionicTickMaster\run\mods\Patchouli-1.21.1-92-NEOFORGE.jar with languages [LanguageSpec[languageName=javafml, acceptedVersions=[4,)]]
[21ago.2025 09:29:45.700] [main/DEBUG] [net.neoforged.fml.loading.moddiscovery.ModFile/LOADING]: Found mixin config MixinConfig[config=patchouli_xplat.mixins.json, requiredMods=[]]
[21ago.2025 09:29:45.700] [main/DEBUG] [net.neoforged.fml.loading.moddiscovery.ModFileParser/LOADING]: Considering mod file candidate D:\IntelliJ\projects\PsionicTickMaster\build\moddev\artifacts\neoforge-21.1.193.jar
[21ago.2025 09:29:45.701] [main/DEBUG] [net.neoforged.fml.loading.moddiscovery.ModFileInfo/LOADING]: Found valid mod file neoforge-21.1.193.jar with {neoforge} mods - versions {21.1.193}
[21ago.2025 09:29:45.701] [main/DEBUG] [net.neoforged.fml.loading.moddiscovery.ModFile/LOADING]: Loading mod file D:\IntelliJ\projects\PsionicTickMaster\build\moddev\artifacts\neoforge-21.1.193.jar with languages [LanguageSpec[languageName=javafml, acceptedVersions=[3,]]]
[21ago.2025 09:29:45.701] [main/DEBUG] [net.neoforged.fml.loading.moddiscovery.ModFile/LOADING]: Found mixin config MixinConfig[config=neoforge.mixins.json, requiredMods=[]]
[21ago.2025 09:29:45.701] [main/DEBUG] [net.neoforged.fml.loading.moddiscovery.ModFile/LOADING]: Loading mod file  with languages []
[21ago.2025 09:29:45.701] [main/DEBUG] [cpw.mods.modlauncher.TransformationServiceDecorator/MODLAUNCHER]: End scan trigger - transformation service fml
[21ago.2025 09:29:45.711] [main/DEBUG] [net.neoforged.fml.util.ServiceLoaderUtil/CORE]: Found 3 implementations of IModLanguageLoader:
[21ago.2025 09:29:45.711] [main/DEBUG] [net.neoforged.fml.util.ServiceLoaderUtil/CORE]: 	net.neoforged.fml.javafmlmod.FMLJavaModLanguageProvider from loader-4.0.41.jar
[21ago.2025 09:29:45.711] [main/DEBUG] [net.neoforged.fml.util.ServiceLoaderUtil/CORE]: 	net.neoforged.fml.lowcodemod.LowCodeModLanguageProvider from loader-4.0.41.jar
[21ago.2025 09:29:45.711] [main/DEBUG] [net.neoforged.fml.util.ServiceLoaderUtil/CORE]: 	net.neoforged.fml.mclanguageprovider.MinecraftModLanguageProvider from loader-4.0.41.jar
[21ago.2025 09:29:45.712] [main/DEBUG] [net.neoforged.fml.loading.LanguageProviderLoader/CORE]: Found language provider javafml, version 4.0.41
[21ago.2025 09:29:45.712] [main/DEBUG] [net.neoforged.fml.loading.LanguageProviderLoader/CORE]: Found language provider lowcodefml, version 4.0.41
[21ago.2025 09:29:45.712] [main/DEBUG] [net.neoforged.fml.loading.LanguageProviderLoader/CORE]: Found language provider minecraft, version 4.0.41
[21ago.2025 09:29:45.717] [main/DEBUG] [net.neoforged.fml.loading.ModSorter/]: Configured system mods: [minecraft, neoforge]
[21ago.2025 09:29:45.717] [main/DEBUG] [net.neoforged.fml.loading.ModSorter/]: Found system mod: minecraft
[21ago.2025 09:29:45.717] [main/DEBUG] [net.neoforged.fml.loading.ModSorter/]: Found system mod: neoforge
[21ago.2025 09:29:45.719] [main/DEBUG] [net.neoforged.fml.loading.ModSorter/LOADING]: Found 8 mod requirements (8 mandatory, 0 optional)
[21ago.2025 09:29:45.719] [main/DEBUG] [net.neoforged.fml.loading.ModSorter/LOADING]: Found 0 mod requirements missing (0 mandatory, 0 optional)
[21ago.2025 09:29:45.810] [main/DEBUG] [mixin/]: Adding mixin platform agents for container net.neoforged.fml.loading.mixin.FMLMixinContainerHandle@1f966492
[21ago.2025 09:29:45.810] [main/DEBUG] [mixin/]: Instancing new MixinPlatformAgentMinecraftForge for net.neoforged.fml.loading.mixin.FMLMixinContainerHandle@1f966492
[21ago.2025 09:29:45.810] [main/DEBUG] [mixin/]: MixinPlatformAgentMinecraftForge rejected container net.neoforged.fml.loading.mixin.FMLMixinContainerHandle@1f966492
[21ago.2025 09:29:45.810] [main/DEBUG] [mixin/]: Instancing new MixinPlatformAgentDefault for net.neoforged.fml.loading.mixin.FMLMixinContainerHandle@1f966492
[21ago.2025 09:29:45.810] [main/DEBUG] [mixin/]: MixinPlatformAgentDefault accepted container net.neoforged.fml.loading.mixin.FMLMixinContainerHandle@1f966492
[21ago.2025 09:29:45.810] [main/DEBUG] [mixin/]: Instancing new FMLMixinPlatformAgent for net.neoforged.fml.loading.mixin.FMLMixinContainerHandle@1f966492
[21ago.2025 09:29:45.810] [main/DEBUG] [mixin/]: FMLMixinPlatformAgent accepted container net.neoforged.fml.loading.mixin.FMLMixinContainerHandle@1f966492
[21ago.2025 09:29:45.817] [main/DEBUG] [cpw.mods.modlauncher.TransformationServicesHandler/MODLAUNCHER]: Transformation services loading transformers
[21ago.2025 09:29:45.817] [main/DEBUG] [cpw.mods.modlauncher.TransformationServiceDecorator/MODLAUNCHER]: Initializing transformers for transformation service mixin
[21ago.2025 09:29:45.818] [main/DEBUG] [cpw.mods.modlauncher.TransformationServiceDecorator/MODLAUNCHER]: Initialized transformers for transformation service mixin
[21ago.2025 09:29:45.818] [main/DEBUG] [cpw.mods.modlauncher.TransformationServiceDecorator/MODLAUNCHER]: Initializing transformers for transformation service fml
[21ago.2025 09:29:45.818] [main/DEBUG] [net.neoforged.fml.loading.FMLServiceProvider/LOADING]: Loading coremod transformers
[21ago.2025 09:29:45.818] [main/DEBUG] [net.neoforged.fml.loading.FMLServiceProvider/CORE]: Not loading coremod script-engine since no mod requested it
[21ago.2025 09:29:45.819] [main/DEBUG] [net.neoforged.fml.util.ServiceLoaderUtil/CORE]: Found 1 implementations of ICoreMod:
[21ago.2025 09:29:45.819] [main/DEBUG] [net.neoforged.fml.util.ServiceLoaderUtil/CORE]: 	net.neoforged.neoforge.coremods.NeoForgeCoreMod from neoforge-21.1.193.jar > net.neoforged.neoforge-coremods-21.1.193.jar
[21ago.2025 09:29:45.825] [main/DEBUG] [net.neoforged.fml.loading.FMLServiceProvider/CORE]: Adding [Target[className=net.minecraft.world.level.biome.Biome, elementName=, elementDescriptor=, targetType=cpw.mods.modlauncher.api.TargetType@5b068087]] transformer from core-mod net.neoforged.neoforge.coremods.NeoForgeCoreMod@33b082c5 in neoforge-21.1.193.jar > net.neoforged.neoforge-coremods-21.1.193.jar
[21ago.2025 09:29:45.825] [main/DEBUG] [net.neoforged.fml.loading.FMLServiceProvider/CORE]: Adding [Target[className=net.minecraft.world.level.levelgen.structure.Structure, elementName=, elementDescriptor=, targetType=cpw.mods.modlauncher.api.TargetType@5b068087]] transformer from core-mod net.neoforged.neoforge.coremods.NeoForgeCoreMod@33b082c5 in neoforge-21.1.193.jar > net.neoforged.neoforge-coremods-21.1.193.jar
[21ago.2025 09:29:45.827] [main/DEBUG] [net.neoforged.fml.loading.FMLServiceProvider/CORE]: Adding [Target[className=net.minecraft.world.level.block.FlowerPotBlock, elementName=, elementDescriptor=, targetType=cpw.mods.modlauncher.api.TargetType@5b068087]] transformer from core-mod net.neoforged.neoforge.coremods.NeoForgeCoreMod@33b082c5 in neoforge-21.1.193.jar > net.neoforged.neoforge-coremods-21.1.193.jar
[21ago.2025 09:29:45.827] [main/DEBUG] [net.neoforged.fml.loading.FMLServiceProvider/CORE]: Adding [Target[className=net/minecraft/world/entity/ai/village/VillageSiege, elementName=, elementDescriptor=, targetType=cpw.mods.modlauncher.api.TargetType@5b068087], Target[className=net/minecraft/world/level/NaturalSpawner, elementName=, elementDescriptor=, targetType=cpw.mods.modlauncher.api.TargetType@5b068087], Target[className=net/minecraft/world/entity/monster/ZombieVillager, elementName=, elementDescriptor=, targetType=cpw.mods.modlauncher.api.TargetType@5b068087], Target[className=net/minecraft/world/level/levelgen/PatrolSpawner, elementName=, elementDescriptor=, targetType=cpw.mods.modlauncher.api.TargetType@5b068087], Target[className=net/minecraft/world/level/levelgen/structure/structures/WoodlandMansionPieces$WoodlandMansionPiece, elementName=, elementDescriptor=, targetType=cpw.mods.modlauncher.api.TargetType@5b068087], Target[className=net/minecraft/world/entity/monster/Evoker$EvokerSummonSpellGoal, elementName=, elementDescriptor=, targetType=cpw.mods.modlauncher.api.TargetType@5b068087], Target[className=net/minecraft/server/commands/RaidCommand, elementName=, elementDescriptor=, targetType=cpw.mods.modlauncher.api.TargetType@5b068087], Target[className=net/minecraft/world/entity/animal/horse/SkeletonTrapGoal, elementName=, elementDescriptor=, targetType=cpw.mods.modlauncher.api.TargetType@5b068087], Target[className=net/minecraft/world/entity/npc/CatSpawner, elementName=, elementDescriptor=, targetType=cpw.mods.modlauncher.api.TargetType@5b068087], Target[className=net/minecraft/server/commands/SummonCommand, elementName=, elementDescriptor=, targetType=cpw.mods.modlauncher.api.TargetType@5b068087], Target[className=net/minecraft/world/entity/EntityType, elementName=, elementDescriptor=, targetType=cpw.mods.modlauncher.api.TargetType@5b068087], Target[className=net/minecraft/world/entity/npc/Villager, elementName=, elementDescriptor=, targetType=cpw.mods.modlauncher.api.TargetType@5b068087], Target[className=net/minecraft/world/level/levelgen/structure/structures/OceanRuinPieces$OceanRuinPiece, elementName=, elementDescriptor=, targetType=cpw.mods.modlauncher.api.TargetType@5b068087], Target[className=net/minecraft/world/entity/raid/Raid, elementName=, elementDescriptor=, targetType=cpw.mods.modlauncher.api.TargetType@5b068087], Target[className=net/minecraft/world/entity/monster/Strider, elementName=, elementDescriptor=, targetType=cpw.mods.modlauncher.api.TargetType@5b068087], Target[className=net/minecraft/world/entity/monster/Zombie, elementName=, elementDescriptor=, targetType=cpw.mods.modlauncher.api.TargetType@5b068087], Target[className=net/minecraft/world/entity/monster/Spider, elementName=, elementDescriptor=, targetType=cpw.mods.modlauncher.api.TargetType@5b068087], Target[className=net/minecraft/world/level/levelgen/structure/templatesystem/StructureTemplate, elementName=, elementDescriptor=, targetType=cpw.mods.modlauncher.api.TargetType@5b068087], Target[className=net/minecraft/world/level/levelgen/structure/structures/OceanMonumentPieces$OceanMonumentPiece, elementName=, elementDescriptor=, targetType=cpw.mods.modlauncher.api.TargetType@5b068087], Target[className=net/minecraft/world/level/levelgen/structure/structures/SwampHutPiece, elementName=, elementDescriptor=, targetType=cpw.mods.modlauncher.api.TargetType@5b068087], Target[className=net/minecraft/world/entity/animal/frog/Tadpole, elementName=, elementDescriptor=, targetType=cpw.mods.modlauncher.api.TargetType@5b068087], Target[className=net/minecraft/world/level/levelgen/PhantomSpawner, elementName=, elementDescriptor=, targetType=cpw.mods.modlauncher.api.TargetType@5b068087]] transformer from core-mod net.neoforged.neoforge.coremods.NeoForgeCoreMod@33b082c5 in neoforge-21.1.193.jar > net.neoforged.neoforge-coremods-21.1.193.jar
[21ago.2025 09:29:45.829] [main/DEBUG] [cpw.mods.modlauncher.TransformStore/MODLAUNCHER]: Adding transformer net.neoforged.neoforge.coremods.ReplaceFieldWithGetterAccess@69da0b12 to Target : cpw.mods.modlauncher.api.TargetType@5b068087 {Lnet/minecraft/world/level/biome/Biome;} {} {V}
[21ago.2025 09:29:45.831] [main/DEBUG] [cpw.mods.modlauncher.TransformStore/MODLAUNCHER]: Adding transformer net.neoforged.neoforge.coremods.ReplaceFieldWithGetterAccess@6aef4eb8 to Target : cpw.mods.modlauncher.api.TargetType@5b068087 {Lnet/minecraft/world/level/levelgen/structure/Structure;} {} {V}
[21ago.2025 09:29:45.831] [main/DEBUG] [cpw.mods.modlauncher.TransformStore/MODLAUNCHER]: Adding transformer net.neoforged.neoforge.coremods.ReplaceFieldWithGetterAccess@76c52298 to Target : cpw.mods.modlauncher.api.TargetType@5b068087 {Lnet/minecraft/world/level/block/FlowerPotBlock;} {} {V}
[21ago.2025 09:29:45.831] [main/DEBUG] [cpw.mods.modlauncher.TransformStore/MODLAUNCHER]: Adding transformer net.neoforged.neoforge.coremods.MethodRedirector@bb9ab64 to Target : cpw.mods.modlauncher.api.TargetType@5b068087 {Lnet/minecraft/world/entity/ai/village/VillageSiege;} {} {V}
[21ago.2025 09:29:45.831] [main/DEBUG] [cpw.mods.modlauncher.TransformStore/MODLAUNCHER]: Adding transformer net.neoforged.neoforge.coremods.MethodRedirector@bb9ab64 to Target : cpw.mods.modlauncher.api.TargetType@5b068087 {Lnet/minecraft/world/level/NaturalSpawner;} {} {V}
[21ago.2025 09:29:45.831] [main/DEBUG] [cpw.mods.modlauncher.TransformStore/MODLAUNCHER]: Adding transformer net.neoforged.neoforge.coremods.MethodRedirector@bb9ab64 to Target : cpw.mods.modlauncher.api.TargetType@5b068087 {Lnet/minecraft/world/entity/monster/ZombieVillager;} {} {V}
[21ago.2025 09:29:45.831] [main/DEBUG] [cpw.mods.modlauncher.TransformStore/MODLAUNCHER]: Adding transformer net.neoforged.neoforge.coremods.MethodRedirector@bb9ab64 to Target : cpw.mods.modlauncher.api.TargetType@5b068087 {Lnet/minecraft/world/level/levelgen/PatrolSpawner;} {} {V}
[21ago.2025 09:29:45.831] [main/DEBUG] [cpw.mods.modlauncher.TransformStore/MODLAUNCHER]: Adding transformer net.neoforged.neoforge.coremods.MethodRedirector@bb9ab64 to Target : cpw.mods.modlauncher.api.TargetType@5b068087 {Lnet/minecraft/world/level/levelgen/structure/structures/WoodlandMansionPieces$WoodlandMansionPiece;} {} {V}
[21ago.2025 09:29:45.831] [main/DEBUG] [cpw.mods.modlauncher.TransformStore/MODLAUNCHER]: Adding transformer net.neoforged.neoforge.coremods.MethodRedirector@bb9ab64 to Target : cpw.mods.modlauncher.api.TargetType@5b068087 {Lnet/minecraft/world/entity/monster/Evoker$EvokerSummonSpellGoal;} {} {V}
[21ago.2025 09:29:45.831] [main/DEBUG] [cpw.mods.modlauncher.TransformStore/MODLAUNCHER]: Adding transformer net.neoforged.neoforge.coremods.MethodRedirector@bb9ab64 to Target : cpw.mods.modlauncher.api.TargetType@5b068087 {Lnet/minecraft/server/commands/RaidCommand;} {} {V}
[21ago.2025 09:29:45.831] [main/DEBUG] [cpw.mods.modlauncher.TransformStore/MODLAUNCHER]: Adding transformer net.neoforged.neoforge.coremods.MethodRedirector@bb9ab64 to Target : cpw.mods.modlauncher.api.TargetType@5b068087 {Lnet/minecraft/world/entity/animal/horse/SkeletonTrapGoal;} {} {V}
[21ago.2025 09:29:45.831] [main/DEBUG] [cpw.mods.modlauncher.TransformStore/MODLAUNCHER]: Adding transformer net.neoforged.neoforge.coremods.MethodRedirector@bb9ab64 to Target : cpw.mods.modlauncher.api.TargetType@5b068087 {Lnet/minecraft/world/entity/npc/CatSpawner;} {} {V}
[21ago.2025 09:29:45.831] [main/DEBUG] [cpw.mods.modlauncher.TransformStore/MODLAUNCHER]: Adding transformer net.neoforged.neoforge.coremods.MethodRedirector@bb9ab64 to Target : cpw.mods.modlauncher.api.TargetType@5b068087 {Lnet/minecraft/server/commands/SummonCommand;} {} {V}
[21ago.2025 09:29:45.831] [main/DEBUG] [cpw.mods.modlauncher.TransformStore/MODLAUNCHER]: Adding transformer net.neoforged.neoforge.coremods.MethodRedirector@bb9ab64 to Target : cpw.mods.modlauncher.api.TargetType@5b068087 {Lnet/minecraft/world/entity/EntityType;} {} {V}
[21ago.2025 09:29:45.832] [main/DEBUG] [cpw.mods.modlauncher.TransformStore/MODLAUNCHER]: Adding transformer net.neoforged.neoforge.coremods.MethodRedirector@bb9ab64 to Target : cpw.mods.modlauncher.api.TargetType@5b068087 {Lnet/minecraft/world/entity/npc/Villager;} {} {V}
[21ago.2025 09:29:45.832] [main/DEBUG] [cpw.mods.modlauncher.TransformStore/MODLAUNCHER]: Adding transformer net.neoforged.neoforge.coremods.MethodRedirector@bb9ab64 to Target : cpw.mods.modlauncher.api.TargetType@5b068087 {Lnet/minecraft/world/level/levelgen/structure/structures/OceanRuinPieces$OceanRuinPiece;} {} {V}
[21ago.2025 09:29:45.832] [main/DEBUG] [cpw.mods.modlauncher.TransformStore/MODLAUNCHER]: Adding transformer net.neoforged.neoforge.coremods.MethodRedirector@bb9ab64 to Target : cpw.mods.modlauncher.api.TargetType@5b068087 {Lnet/minecraft/world/entity/raid/Raid;} {} {V}
[21ago.2025 09:29:45.832] [main/DEBUG] [cpw.mods.modlauncher.TransformStore/MODLAUNCHER]: Adding transformer net.neoforged.neoforge.coremods.MethodRedirector@bb9ab64 to Target : cpw.mods.modlauncher.api.TargetType@5b068087 {Lnet/minecraft/world/entity/monster/Strider;} {} {V}
[21ago.2025 09:29:45.832] [main/DEBUG] [cpw.mods.modlauncher.TransformStore/MODLAUNCHER]: Adding transformer net.neoforged.neoforge.coremods.MethodRedirector@bb9ab64 to Target : cpw.mods.modlauncher.api.TargetType@5b068087 {Lnet/minecraft/world/entity/monster/Zombie;} {} {V}
[21ago.2025 09:29:45.832] [main/DEBUG] [cpw.mods.modlauncher.TransformStore/MODLAUNCHER]: Adding transformer net.neoforged.neoforge.coremods.MethodRedirector@bb9ab64 to Target : cpw.mods.modlauncher.api.TargetType@5b068087 {Lnet/minecraft/world/entity/monster/Spider;} {} {V}
[21ago.2025 09:29:45.832] [main/DEBUG] [cpw.mods.modlauncher.TransformStore/MODLAUNCHER]: Adding transformer net.neoforged.neoforge.coremods.MethodRedirector@bb9ab64 to Target : cpw.mods.modlauncher.api.TargetType@5b068087 {Lnet/minecraft/world/level/levelgen/structure/templatesystem/StructureTemplate;} {} {V}
[21ago.2025 09:29:45.832] [main/DEBUG] [cpw.mods.modlauncher.TransformStore/MODLAUNCHER]: Adding transformer net.neoforged.neoforge.coremods.MethodRedirector@bb9ab64 to Target : cpw.mods.modlauncher.api.TargetType@5b068087 {Lnet/minecraft/world/level/levelgen/structure/structures/OceanMonumentPieces$OceanMonumentPiece;} {} {V}
[21ago.2025 09:29:45.832] [main/DEBUG] [cpw.mods.modlauncher.TransformStore/MODLAUNCHER]: Adding transformer net.neoforged.neoforge.coremods.MethodRedirector@bb9ab64 to Target : cpw.mods.modlauncher.api.TargetType@5b068087 {Lnet/minecraft/world/level/levelgen/structure/structures/SwampHutPiece;} {} {V}
[21ago.2025 09:29:45.832] [main/DEBUG] [cpw.mods.modlauncher.TransformStore/MODLAUNCHER]: Adding transformer net.neoforged.neoforge.coremods.MethodRedirector@bb9ab64 to Target : cpw.mods.modlauncher.api.TargetType@5b068087 {Lnet/minecraft/world/entity/animal/frog/Tadpole;} {} {V}
[21ago.2025 09:29:45.832] [main/DEBUG] [cpw.mods.modlauncher.TransformStore/MODLAUNCHER]: Adding transformer net.neoforged.neoforge.coremods.MethodRedirector@bb9ab64 to Target : cpw.mods.modlauncher.api.TargetType@5b068087 {Lnet/minecraft/world/level/levelgen/PhantomSpawner;} {} {V}
[21ago.2025 09:29:45.832] [main/DEBUG] [cpw.mods.modlauncher.TransformationServiceDecorator/MODLAUNCHER]: Initialized transformers for transformation service fml
[21ago.2025 09:29:46.221] [main/DEBUG] [mixin/]: Processing prepare() for PlatformAgent[MixinPlatformAgentDefault:ModLauncher Root Container(ModLauncher:4f56a0a2)]
[21ago.2025 09:29:46.221] [main/DEBUG] [mixin/]: Processing prepare() for PlatformAgent[MixinPlatformAgentDefault:net.neoforged.fml.loading.mixin.FMLMixinContainerHandle@1f966492]
[21ago.2025 09:29:46.221] [main/DEBUG] [mixin/]: Processing prepare() for PlatformAgent[FMLMixinPlatformAgent:null]
[21ago.2025 09:29:46.271] [main/DEBUG] [mixin/]: Compatibility level JAVA_17 specified by emi.mixins.json is higher than the maximum level supported by this version of mixin (JAVA_13).
[21ago.2025 09:29:46.277] [main/INFO] [mixin/]: Compatibility level set to JAVA_17
[21ago.2025 09:29:46.279] [main/DEBUG] [mixin/]: Compatibility level JAVA_21 specified by patchouli_xplat.mixins.json is higher than the maximum level supported by this version of mixin (JAVA_13).
[21ago.2025 09:29:46.279] [main/INFO] [mixin/]: Compatibility level set to JAVA_21
[21ago.2025 09:29:46.281] [main/DEBUG] [mixin/]: Compatibility level JAVA_17 specified by psi.mixins.json is higher than the maximum level supported by this version of mixin (JAVA_13).
[21ago.2025 09:29:46.291] [main/DEBUG] [mixin/]: Processing launch tasks for PlatformAgent[MixinPlatformAgentDefault:ModLauncher Root Container(ModLauncher:4f56a0a2)]
[21ago.2025 09:29:46.291] [main/DEBUG] [mixin/]: Adding mixin platform agents for container SecureJarResource(mixin_synthetic)
[21ago.2025 09:29:46.291] [main/DEBUG] [mixin/]: Instancing new MixinPlatformAgentMinecraftForge for SecureJarResource(mixin_synthetic)
[21ago.2025 09:29:46.291] [main/DEBUG] [mixin/]: MixinPlatformAgentMinecraftForge rejected container SecureJarResource(mixin_synthetic)
[21ago.2025 09:29:46.291] [main/DEBUG] [mixin/]: Instancing new MixinPlatformAgentDefault for SecureJarResource(mixin_synthetic)
[21ago.2025 09:29:46.291] [main/DEBUG] [mixin/]: MixinPlatformAgentDefault accepted container SecureJarResource(mixin_synthetic)
[21ago.2025 09:29:46.291] [main/DEBUG] [mixin/]: Instancing new FMLMixinPlatformAgent for SecureJarResource(mixin_synthetic)
[21ago.2025 09:29:46.291] [main/DEBUG] [mixin/]: FMLMixinPlatformAgent rejected container SecureJarResource(mixin_synthetic)
[21ago.2025 09:29:46.291] [main/DEBUG] [mixin/]: Processing prepare() for PlatformAgent[MixinPlatformAgentDefault:SecureJarResource(mixin_synthetic)]
[21ago.2025 09:29:46.291] [main/DEBUG] [mixin/]: Adding mixin platform agents for container SecureJarResource(emi)
[21ago.2025 09:29:46.291] [main/DEBUG] [mixin/]: Instancing new MixinPlatformAgentMinecraftForge for SecureJarResource(emi)
[21ago.2025 09:29:46.291] [main/DEBUG] [mixin/]: MixinPlatformAgentMinecraftForge rejected container SecureJarResource(emi)
[21ago.2025 09:29:46.291] [main/DEBUG] [mixin/]: Instancing new MixinPlatformAgentDefault for SecureJarResource(emi)
[21ago.2025 09:29:46.291] [main/DEBUG] [mixin/]: MixinPlatformAgentDefault accepted container SecureJarResource(emi)
[21ago.2025 09:29:46.291] [main/DEBUG] [mixin/]: Instancing new FMLMixinPlatformAgent for SecureJarResource(emi)
[21ago.2025 09:29:46.291] [main/DEBUG] [mixin/]: FMLMixinPlatformAgent rejected container SecureJarResource(emi)
[21ago.2025 09:29:46.291] [main/DEBUG] [mixin/]: Processing prepare() for PlatformAgent[MixinPlatformAgentDefault:SecureJarResource(emi)]
[21ago.2025 09:29:46.291] [main/DEBUG] [mixin/]: Adding mixin platform agents for container SecureJarResource(minecraft)
[21ago.2025 09:29:46.291] [main/DEBUG] [mixin/]: Instancing new MixinPlatformAgentMinecraftForge for SecureJarResource(minecraft)
[21ago.2025 09:29:46.291] [main/DEBUG] [mixin/]: MixinPlatformAgentMinecraftForge rejected container SecureJarResource(minecraft)
[21ago.2025 09:29:46.291] [main/DEBUG] [mixin/]: Instancing new MixinPlatformAgentDefault for SecureJarResource(minecraft)
[21ago.2025 09:29:46.291] [main/DEBUG] [mixin/]: MixinPlatformAgentDefault accepted container SecureJarResource(minecraft)
[21ago.2025 09:29:46.291] [main/DEBUG] [mixin/]: Instancing new FMLMixinPlatformAgent for SecureJarResource(minecraft)
[21ago.2025 09:29:46.291] [main/DEBUG] [mixin/]: FMLMixinPlatformAgent rejected container SecureJarResource(minecraft)
[21ago.2025 09:29:46.291] [main/DEBUG] [mixin/]: Processing prepare() for PlatformAgent[MixinPlatformAgentDefault:SecureJarResource(minecraft)]
[21ago.2025 09:29:46.291] [main/DEBUG] [mixin/]: Adding mixin platform agents for container SecureJarResource(patchouli)
[21ago.2025 09:29:46.291] [main/DEBUG] [mixin/]: Instancing new MixinPlatformAgentMinecraftForge for SecureJarResource(patchouli)
[21ago.2025 09:29:46.291] [main/DEBUG] [mixin/]: MixinPlatformAgentMinecraftForge rejected container SecureJarResource(patchouli)
[21ago.2025 09:29:46.291] [main/DEBUG] [mixin/]: Instancing new MixinPlatformAgentDefault for SecureJarResource(patchouli)
[21ago.2025 09:29:46.291] [main/DEBUG] [mixin/]: MixinPlatformAgentDefault accepted container SecureJarResource(patchouli)
[21ago.2025 09:29:46.291] [main/DEBUG] [mixin/]: Instancing new FMLMixinPlatformAgent for SecureJarResource(patchouli)
[21ago.2025 09:29:46.291] [main/DEBUG] [mixin/]: FMLMixinPlatformAgent rejected container SecureJarResource(patchouli)
[21ago.2025 09:29:46.291] [main/DEBUG] [mixin/]: Processing prepare() for PlatformAgent[MixinPlatformAgentDefault:SecureJarResource(patchouli)]
[21ago.2025 09:29:46.291] [main/DEBUG] [mixin/]: Adding mixin platform agents for container SecureJarResource(psi)
[21ago.2025 09:29:46.291] [main/DEBUG] [mixin/]: Instancing new MixinPlatformAgentMinecraftForge for SecureJarResource(psi)
[21ago.2025 09:29:46.291] [main/DEBUG] [mixin/]: MixinPlatformAgentMinecraftForge rejected container SecureJarResource(psi)
[21ago.2025 09:29:46.291] [main/DEBUG] [mixin/]: Instancing new MixinPlatformAgentDefault for SecureJarResource(psi)
[21ago.2025 09:29:46.291] [main/DEBUG] [mixin/]: MixinPlatformAgentDefault accepted container SecureJarResource(psi)
[21ago.2025 09:29:46.291] [main/DEBUG] [mixin/]: Instancing new FMLMixinPlatformAgent for SecureJarResource(psi)
[21ago.2025 09:29:46.291] [main/DEBUG] [mixin/]: FMLMixinPlatformAgent rejected container SecureJarResource(psi)
[21ago.2025 09:29:46.291] [main/DEBUG] [mixin/]: Processing prepare() for PlatformAgent[MixinPlatformAgentDefault:SecureJarResource(psi)]
[21ago.2025 09:29:46.292] [main/DEBUG] [mixin/]: Registering mixin config: psi.mixins.json source=SecureJarResource(psi)
[21ago.2025 09:29:46.292] [main/DEBUG] [mixin/]: Adding mixin platform agents for container SecureJarResource(psitickmaster)
[21ago.2025 09:29:46.292] [main/DEBUG] [mixin/]: Instancing new MixinPlatformAgentMinecraftForge for SecureJarResource(psitickmaster)
[21ago.2025 09:29:46.292] [main/DEBUG] [mixin/]: MixinPlatformAgentMinecraftForge rejected container SecureJarResource(psitickmaster)
[21ago.2025 09:29:46.292] [main/DEBUG] [mixin/]: Instancing new MixinPlatformAgentDefault for SecureJarResource(psitickmaster)
[21ago.2025 09:29:46.292] [main/DEBUG] [mixin/]: MixinPlatformAgentDefault accepted container SecureJarResource(psitickmaster)
[21ago.2025 09:29:46.292] [main/DEBUG] [mixin/]: Instancing new FMLMixinPlatformAgent for SecureJarResource(psitickmaster)
[21ago.2025 09:29:46.292] [main/DEBUG] [mixin/]: FMLMixinPlatformAgent rejected container SecureJarResource(psitickmaster)
[21ago.2025 09:29:46.292] [main/DEBUG] [mixin/]: Processing prepare() for PlatformAgent[MixinPlatformAgentDefault:SecureJarResource(psitickmaster)]
[21ago.2025 09:29:46.292] [main/DEBUG] [mixin/]: Adding mixin platform agents for container SecureJarResource(mixinextras.neoforge)
[21ago.2025 09:29:46.292] [main/DEBUG] [mixin/]: Instancing new MixinPlatformAgentMinecraftForge for SecureJarResource(mixinextras.neoforge)
[21ago.2025 09:29:46.292] [main/DEBUG] [mixin/]: MixinPlatformAgentMinecraftForge rejected container SecureJarResource(mixinextras.neoforge)
[21ago.2025 09:29:46.292] [main/DEBUG] [mixin/]: Instancing new MixinPlatformAgentDefault for SecureJarResource(mixinextras.neoforge)
[21ago.2025 09:29:46.292] [main/DEBUG] [mixin/]: MixinPlatformAgentDefault accepted container SecureJarResource(mixinextras.neoforge)
[21ago.2025 09:29:46.292] [main/DEBUG] [mixin/]: Instancing new FMLMixinPlatformAgent for SecureJarResource(mixinextras.neoforge)
[21ago.2025 09:29:46.292] [main/DEBUG] [mixin/]: FMLMixinPlatformAgent rejected container SecureJarResource(mixinextras.neoforge)
[21ago.2025 09:29:46.292] [main/DEBUG] [mixin/]: Processing prepare() for PlatformAgent[MixinPlatformAgentDefault:SecureJarResource(mixinextras.neoforge)]
[21ago.2025 09:29:46.294] [main/DEBUG] [mixin/]: Registering mixin config: mixinextras.init.mixins.json source=SecureJarResource(mixinextras.neoforge)
[21ago.2025 09:29:46.295] [main/DEBUG] [mixin/]: inject() running with 9 agents
[21ago.2025 09:29:46.295] [main/DEBUG] [mixin/]: Processing inject() for PlatformAgent[MixinPlatformAgentDefault:ModLauncher Root Container(ModLauncher:4f56a0a2)]
[21ago.2025 09:29:46.295] [main/DEBUG] [mixin/]: Processing inject() for PlatformAgent[MixinPlatformAgentDefault:net.neoforged.fml.loading.mixin.FMLMixinContainerHandle@1f966492]
[21ago.2025 09:29:46.295] [main/DEBUG] [mixin/]: Processing inject() for PlatformAgent[FMLMixinPlatformAgent:null]
[21ago.2025 09:29:46.295] [main/DEBUG] [mixin/]: Processing inject() for PlatformAgent[MixinPlatformAgentDefault:SecureJarResource(mixin_synthetic)]
[21ago.2025 09:29:46.295] [main/DEBUG] [mixin/]: Processing inject() for PlatformAgent[MixinPlatformAgentDefault:SecureJarResource(emi)]
[21ago.2025 09:29:46.295] [main/DEBUG] [mixin/]: Processing inject() for PlatformAgent[MixinPlatformAgentDefault:SecureJarResource(minecraft)]
[21ago.2025 09:29:46.295] [main/DEBUG] [mixin/]: Processing inject() for PlatformAgent[MixinPlatformAgentDefault:SecureJarResource(patchouli)]
[21ago.2025 09:29:46.295] [main/DEBUG] [mixin/]: Processing inject() for PlatformAgent[MixinPlatformAgentDefault:SecureJarResource(psi)]
[21ago.2025 09:29:46.295] [main/DEBUG] [mixin/]: Processing inject() for PlatformAgent[MixinPlatformAgentDefault:SecureJarResource(psitickmaster)]
[21ago.2025 09:29:46.295] [main/DEBUG] [mixin/]: Processing inject() for PlatformAgent[MixinPlatformAgentDefault:SecureJarResource(mixinextras.neoforge)]
[21ago.2025 09:29:46.295] [main/INFO] [cpw.mods.modlauncher.LaunchServiceHandler/MODLAUNCHER]: Launching target 'forgeclientdev' with arguments [--version, 21.1.193, --gameDir, ., --assetsDir, C:\Users\pichau\.gradle\caches\neoformruntime\assets, --assetIndex, 17]
[21ago.2025 09:29:46.371] [main/DEBUG] [mixin/]: Preparing mixins for MixinEnvironment[DEFAULT]
[21ago.2025 09:29:46.371] [main/DEBUG] [mixin/]: Selecting config emi.mixins.json
[21ago.2025 09:29:46.380] [main/DEBUG] [mixin/]: Selecting config emi-neoforge.mixins.json
[21ago.2025 09:29:46.380] [main/DEBUG] [mixin/]: Selecting config patchouli_xplat.mixins.json
[21ago.2025 09:29:46.381] [main/WARN] [mixin/]: Reference map 'patchouli.refmap.json' for patchouli_xplat.mixins.json could not be read. If this is a development environment you can ignore this message
[21ago.2025 09:29:46.381] [main/DEBUG] [mixin/]: Selecting config neoforge.mixins.json
[21ago.2025 09:29:46.381] [main/DEBUG] [mixin/]: Selecting config psi.mixins.json
[21ago.2025 09:29:46.381] [main/DEBUG] [mixin/]: Selecting config psitickmaster.mixins.json
[21ago.2025 09:29:46.381] [main/DEBUG] [mixin/]: Selecting config mixinextras.init.mixins.json
[21ago.2025 09:29:46.415] [main/DEBUG] [MixinExtras|Service/]: com.llamalad7.mixinextras.service.MixinExtrasServiceImpl(version=0.4.1) is taking over from null
[21ago.2025 09:29:46.459] [main/DEBUG] [mixin/]: Registering new injector for @Inject with org.spongepowered.asm.mixin.injection.struct.CallbackInjectionInfo
[21ago.2025 09:29:46.461] [main/DEBUG] [mixin/]: Registering new injector for @ModifyArg with org.spongepowered.asm.mixin.injection.struct.ModifyArgInjectionInfo
[21ago.2025 09:29:46.463] [main/DEBUG] [mixin/]: Registering new injector for @ModifyArgs with org.spongepowered.asm.mixin.injection.struct.ModifyArgsInjectionInfo
[21ago.2025 09:29:46.466] [main/DEBUG] [mixin/]: Registering new injector for @Redirect with org.spongepowered.asm.mixin.injection.struct.RedirectInjectionInfo
[21ago.2025 09:29:46.468] [main/DEBUG] [mixin/]: Registering new injector for @ModifyVariable with org.spongepowered.asm.mixin.injection.struct.ModifyVariableInjectionInfo
[21ago.2025 09:29:46.470] [main/DEBUG] [mixin/]: Registering new injector for @ModifyConstant with org.spongepowered.asm.mixin.injection.struct.ModifyConstantInjectionInfo
[21ago.2025 09:29:46.486] [main/DEBUG] [mixin/]: Preparing emi.mixins.json (25)
[21ago.2025 09:29:46.584] [main/WARN] [mixin/]: Error loading class: mezz/jei/library/load/PluginCaller (java.lang.ClassNotFoundException: mezz.jei.library.load.PluginCaller)
[21ago.2025 09:29:46.586] [main/DEBUG] [mixin/]: Skipping virtual target mezz.jei.library.load.PluginCaller for emi.mixins.json:jei.PluginCallerMixin from mod emi
[21ago.2025 09:29:46.632] [main/DEBUG] [mixin/]: Preparing emi-neoforge.mixins.json (0)
[21ago.2025 09:29:46.632] [main/DEBUG] [mixin/]: Preparing patchouli_xplat.mixins.json (10)
[21ago.2025 09:29:46.660] [main/DEBUG] [mixin/]: Preparing neoforge.mixins.json (2)
[21ago.2025 09:29:46.666] [main/DEBUG] [mixin/]: Preparing psi.mixins.json (3)
[21ago.2025 09:29:46.671] [main/DEBUG] [mixin/]: Preparing psitickmaster.mixins.json (0)
[21ago.2025 09:29:46.671] [main/DEBUG] [mixin/]: Preparing mixinextras.init.mixins.json (0)
[21ago.2025 09:29:46.700] [main/DEBUG] [mixin/]: Prepared 39 mixins in 0,325 sec (8,3ms avg) (0ms load, 0ms transform, 0ms plugin)
[21ago.2025 09:29:46.714] [main/INFO] [MixinExtras|Service/]: Initializing MixinExtras via com.llamalad7.mixinextras.service.MixinExtrasServiceImpl(version=0.4.1).
[21ago.2025 09:29:46.716] [main/DEBUG] [mixin/]: Registering new injector for @SugarWrapper with com.llamalad7.mixinextras.sugar.impl.SugarWrapperInjectionInfo
[21ago.2025 09:29:46.716] [main/DEBUG] [mixin/]: Registering new injector for @FactoryRedirectWrapper with com.llamalad7.mixinextras.wrapper.factory.FactoryRedirectWrapperInjectionInfo
[21ago.2025 09:29:46.722] [main/DEBUG] [mixin/]: Mixing accessor.DrawContextAccessor from emi.mixins.json into net.minecraft.client.gui.GuiGraphics
[21ago.2025 09:29:46.724] [main/DEBUG] [mixin/]: emi.mixins.json:accessor.DrawContextAccessor from mod emi: Class version 65 required is higher than the class version supported by the current version of Mixin (JAVA_17 supports class version 61)
[21ago.2025 09:29:46.742] [main/DEBUG] [mixin/]: Mixing DrawContextMixin from emi.mixins.json into net.minecraft.client.gui.GuiGraphics
[21ago.2025 09:29:46.743] [main/DEBUG] [mixin/]: emi.mixins.json:DrawContextMixin from mod emi: Class version 65 required is higher than the class version supported by the current version of Mixin (JAVA_17 supports class version 61)
[21ago.2025 09:29:46.800] [main/DEBUG] [mixin/]: emi.mixins.json:DrawContextMixin from mod emi->@Inject::drawItemTooltip(Lnet/minecraft/client/gui/Font;Lnet/minecraft/world/item/ItemStack;IILorg/spongepowered/asm/mixin/injection/callback/CallbackInfo;)V doesn't use it's CallbackInfo
[21ago.2025 09:29:46.801] [main/DEBUG] [mixin/]: emi.mixins.json:DrawContextMixin from mod emi->@Inject::drawItemTooltip(Lnet/minecraft/client/gui/Font;Lnet/minecraft/world/item/ItemStack;IILorg/spongepowered/asm/mixin/injection/callback/CallbackInfo;)V has 0 override(s) in child classes
[21ago.2025 09:29:46.801] [main/DEBUG] [mixin/]: emi.mixins.json:DrawContextMixin from mod emi->@Inject::drawItemTooltip(Lnet/minecraft/client/gui/Font;Lnet/minecraft/world/item/ItemStack;IILorg/spongepowered/asm/mixin/injection/callback/CallbackInfo;)V won't be passed a CallbackInfo as a result
[21ago.2025 09:29:46.841] [main/DEBUG] [mixin/]: Mixing MinecraftClientMixin from emi.mixins.json into net.minecraft.client.Minecraft
[21ago.2025 09:29:46.843] [main/DEBUG] [mixin/]: emi.mixins.json:MinecraftClientMixin from mod emi: Class version 65 required is higher than the class version supported by the current version of Mixin (JAVA_17 supports class version 61)
[21ago.2025 09:29:46.844] [main/DEBUG] [mixin/]: Renaming synthetic method lambda$reloadResources$0()V to mda2acd8$emi$lambda$reloadResources$0$0 in emi.mixins.json:MinecraftClientMixin from mod emi
[21ago.2025 09:29:46.871] [main/DEBUG] [mixin/]: emi.mixins.json:MinecraftClientMixin from mod emi->@Inject::reloadResources(ZLjava/lang/Object;Lorg/spongepowered/asm/mixin/injection/callback/CallbackInfoReturnable;)V does use it's CallbackInfoReturnable
[21ago.2025 09:29:46.873] [main/DEBUG] [mixin/]: emi.mixins.json:MinecraftClientMixin from mod emi->@Inject::reloadResources(ZLjava/lang/Object;Lorg/spongepowered/asm/mixin/injection/callback/CallbackInfoReturnable;)V does use it's CallbackInfoReturnable
[21ago.2025 09:29:46.873] [main/DEBUG] [mixin/]: emi.mixins.json:MinecraftClientMixin from mod emi->@Inject::reloadResources(ZLjava/lang/Object;Lorg/spongepowered/asm/mixin/injection/callback/CallbackInfoReturnable;)V does use it's CallbackInfoReturnable
[21ago.2025 09:29:46.873] [main/DEBUG] [mixin/]: emi.mixins.json:MinecraftClientMixin from mod emi->@Inject::disconnect(Lorg/spongepowered/asm/mixin/injection/callback/CallbackInfo;)V doesn't use it's CallbackInfo
[21ago.2025 09:29:46.874] [main/DEBUG] [mixin/]: emi.mixins.json:MinecraftClientMixin from mod emi->@Inject::disconnect(Lorg/spongepowered/asm/mixin/injection/callback/CallbackInfo;)V has 0 override(s) in child classes
[21ago.2025 09:29:46.874] [main/DEBUG] [mixin/]: emi.mixins.json:MinecraftClientMixin from mod emi->@Inject::disconnect(Lorg/spongepowered/asm/mixin/injection/callback/CallbackInfo;)V won't be passed a CallbackInfo as a result
[21ago.2025 09:29:47.131] [main/DEBUG] [io.netty.util.internal.logging.InternalLoggerFactory/]: Using SLF4J as the default logging framework
[21ago.2025 09:29:47.137] [main/DEBUG] [io.netty.util.ResourceLeakDetector/]: -Dio.netty.leakDetection.level: simple
[21ago.2025 09:29:47.137] [main/DEBUG] [io.netty.util.ResourceLeakDetector/]: -Dio.netty.leakDetection.targetRecords: 4
[21ago.2025 09:29:47.869] [main/DEBUG] [mixin/]: Mixing client.MixinSystemReport from patchouli_xplat.mixins.json into net.minecraft.SystemReport
[21ago.2025 09:29:47.871] [main/DEBUG] [mixin/]: patchouli_xplat.mixins.json:client.MixinSystemReport from mod patchouli->@Inject::patchouli_addContext(Lorg/spongepowered/asm/mixin/injection/callback/CallbackInfo;)V doesn't use it's CallbackInfo
[21ago.2025 09:29:47.871] [main/DEBUG] [mixin/]: patchouli_xplat.mixins.json:client.MixinSystemReport from mod patchouli->@Inject::patchouli_addContext(Lorg/spongepowered/asm/mixin/injection/callback/CallbackInfo;)V has 0 override(s) in child classes
[21ago.2025 09:29:47.871] [main/DEBUG] [mixin/]: patchouli_xplat.mixins.json:client.MixinSystemReport from mod patchouli->@Inject::patchouli_addContext(Lorg/spongepowered/asm/mixin/injection/callback/CallbackInfo;)V won't be passed a CallbackInfo as a result
[21ago.2025 09:29:47.896] [main/DEBUG] [oshi.util.FileUtil/]: No oshi.properties file found from ClassLoader cpw.mods.modlauncher.TransformingClassLoader@2c2db130
[21ago.2025 09:29:48.172] [Datafixer Bootstrap/INFO] [com.mojang.datafixers.DataFixerBuilder/]: 229 Datafixer optimizations took 309 milliseconds
[21ago.2025 09:29:48.265] [main/DEBUG] [oshi.util.FileUtil/]: No oshi.architecture.properties file found from ClassLoader cpw.mods.modlauncher.TransformingClassLoader@2c2db130
[21ago.2025 09:29:48.313] [main/DEBUG] [mixin/]: Mixing ScreenMixin from emi.mixins.json into net.minecraft.client.gui.screens.Screen
[21ago.2025 09:29:48.313] [main/DEBUG] [mixin/]: emi.mixins.json:ScreenMixin from mod emi: Class version 65 required is higher than the class version supported by the current version of Mixin (JAVA_17 supports class version 61)
[21ago.2025 09:29:48.314] [main/DEBUG] [mixin/]: Mixing client.AccessorScreen from patchouli_xplat.mixins.json into net.minecraft.client.gui.screens.Screen
[21ago.2025 09:29:48.319] [main/DEBUG] [mixin/]: emi.mixins.json:ScreenMixin from mod emi->@Inject::init(Lnet/minecraft/client/Minecraft;IILorg/spongepowered/asm/mixin/injection/callback/CallbackInfo;)V doesn't use it's CallbackInfo
[21ago.2025 09:29:48.319] [main/DEBUG] [mixin/]: emi.mixins.json:ScreenMixin from mod emi->@Inject::init(Lnet/minecraft/client/Minecraft;IILorg/spongepowered/asm/mixin/injection/callback/CallbackInfo;)V has 0 override(s) in child classes
[21ago.2025 09:29:48.319] [main/DEBUG] [mixin/]: emi.mixins.json:ScreenMixin from mod emi->@Inject::init(Lnet/minecraft/client/Minecraft;IILorg/spongepowered/asm/mixin/injection/callback/CallbackInfo;)V won't be passed a CallbackInfo as a result
[21ago.2025 09:29:48.319] [main/DEBUG] [mixin/]: emi.mixins.json:ScreenMixin from mod emi->@Inject::resize(Lnet/minecraft/client/Minecraft;IILorg/spongepowered/asm/mixin/injection/callback/CallbackInfo;)V doesn't use it's CallbackInfo
[21ago.2025 09:29:48.319] [main/DEBUG] [mixin/]: emi.mixins.json:ScreenMixin from mod emi->@Inject::resize(Lnet/minecraft/client/Minecraft;IILorg/spongepowered/asm/mixin/injection/callback/CallbackInfo;)V has 0 override(s) in child classes
[21ago.2025 09:29:48.319] [main/DEBUG] [mixin/]: emi.mixins.json:ScreenMixin from mod emi->@Inject::resize(Lnet/minecraft/client/Minecraft;IILorg/spongepowered/asm/mixin/injection/callback/CallbackInfo;)V won't be passed a CallbackInfo as a result
[21ago.2025 09:29:48.370] [main/DEBUG] [mixin/]: Mixing client.MixinInventoryScreen from patchouli_xplat.mixins.json into net.minecraft.client.gui.screens.inventory.InventoryScreen
[21ago.2025 09:29:48.393] [main/DEBUG] [mixin/]: patchouli_xplat.mixins.json:client.MixinInventoryScreen from mod patchouli->@Inject::onGuiInitPost(Lorg/spongepowered/asm/mixin/injection/callback/CallbackInfo;)V doesn't use it's CallbackInfo
[21ago.2025 09:29:48.393] [main/DEBUG] [mixin/]: patchouli_xplat.mixins.json:client.MixinInventoryScreen from mod patchouli->@Inject::onGuiInitPost(Lorg/spongepowered/asm/mixin/injection/callback/CallbackInfo;)V has 0 override(s) in child classes
[21ago.2025 09:29:48.393] [main/DEBUG] [mixin/]: patchouli_xplat.mixins.json:client.MixinInventoryScreen from mod patchouli->@Inject::onGuiInitPost(Lorg/spongepowered/asm/mixin/injection/callback/CallbackInfo;)V won't be passed a CallbackInfo as a result
[21ago.2025 09:29:48.396] [main/DEBUG] [mixin/]: Mixing AbstractInventoryScreenMixin from emi.mixins.json into net.minecraft.client.gui.screens.inventory.EffectRenderingInventoryScreen
[21ago.2025 09:29:48.397] [main/DEBUG] [mixin/]: emi.mixins.json:AbstractInventoryScreenMixin from mod emi: Class version 65 required is higher than the class version supported by the current version of Mixin (JAVA_17 supports class version 61)
[21ago.2025 09:29:48.461] [main/DEBUG] [mixin/]: emi.mixins.json:AbstractInventoryScreenMixin from mod emi->@Inject::drawStatusEffects(Lnet/minecraft/client/gui/GuiGraphics;IILorg/spongepowered/asm/mixin/injection/callback/CallbackInfo;)V doesn't use it's CallbackInfo
[21ago.2025 09:29:48.462] [main/DEBUG] [mixin/]: emi.mixins.json:AbstractInventoryScreenMixin from mod emi->@Inject::drawStatusEffects(Lnet/minecraft/client/gui/GuiGraphics;IILorg/spongepowered/asm/mixin/injection/callback/CallbackInfo;)V has 0 override(s) in child classes
[21ago.2025 09:29:48.462] [main/DEBUG] [mixin/]: emi.mixins.json:AbstractInventoryScreenMixin from mod emi->@Inject::drawStatusEffects(Lnet/minecraft/client/gui/GuiGraphics;IILorg/spongepowered/asm/mixin/injection/callback/CallbackInfo;)V won't be passed a CallbackInfo as a result
[21ago.2025 09:29:48.467] [main/DEBUG] [mixin/]: Mixing accessor.HandledScreenAccessor from emi.mixins.json into net.minecraft.client.gui.screens.inventory.AbstractContainerScreen
[21ago.2025 09:29:48.467] [main/DEBUG] [mixin/]: emi.mixins.json:accessor.HandledScreenAccessor from mod emi: Class version 65 required is higher than the class version supported by the current version of Mixin (JAVA_17 supports class version 61)
[21ago.2025 09:29:48.467] [main/DEBUG] [mixin/]: Mixing HandledScreenMixin from emi.mixins.json into net.minecraft.client.gui.screens.inventory.AbstractContainerScreen
[21ago.2025 09:29:48.467] [main/DEBUG] [mixin/]: emi.mixins.json:HandledScreenMixin from mod emi: Class version 65 required is higher than the class version supported by the current version of Mixin (JAVA_17 supports class version 61)
[21ago.2025 09:29:48.471] [main/DEBUG] [mixin/]: emi.mixins.json:HandledScreenMixin from mod emi->@Inject::renderBackground(Lnet/minecraft/client/gui/GuiGraphics;IIFLorg/spongepowered/asm/mixin/injection/callback/CallbackInfo;)V doesn't use it's CallbackInfo
[21ago.2025 09:29:48.471] [main/DEBUG] [mixin/]: emi.mixins.json:HandledScreenMixin from mod emi->@Inject::renderBackground(Lnet/minecraft/client/gui/GuiGraphics;IIFLorg/spongepowered/asm/mixin/injection/callback/CallbackInfo;)V has 0 override(s) in child classes
[21ago.2025 09:29:48.471] [main/DEBUG] [mixin/]: emi.mixins.json:HandledScreenMixin from mod emi->@Inject::renderBackground(Lnet/minecraft/client/gui/GuiGraphics;IIFLorg/spongepowered/asm/mixin/injection/callback/CallbackInfo;)V won't be passed a CallbackInfo as a result
[21ago.2025 09:29:48.471] [main/DEBUG] [mixin/]: emi.mixins.json:HandledScreenMixin from mod emi->@Inject::renderForeground(Lnet/minecraft/client/gui/GuiGraphics;IIFLorg/spongepowered/asm/mixin/injection/callback/CallbackInfo;)V doesn't use it's CallbackInfo
[21ago.2025 09:29:48.471] [main/DEBUG] [mixin/]: emi.mixins.json:HandledScreenMixin from mod emi->@Inject::renderForeground(Lnet/minecraft/client/gui/GuiGraphics;IIFLorg/spongepowered/asm/mixin/injection/callback/CallbackInfo;)V has 0 override(s) in child classes
[21ago.2025 09:29:48.471] [main/DEBUG] [mixin/]: emi.mixins.json:HandledScreenMixin from mod emi->@Inject::renderForeground(Lnet/minecraft/client/gui/GuiGraphics;IIFLorg/spongepowered/asm/mixin/injection/callback/CallbackInfo;)V won't be passed a CallbackInfo as a result
[21ago.2025 09:29:48.504] [pool-10-thread-1/DEBUG] [mixin/]: Mixing MappedRegistryAccessor from neoforge.mixins.json into net.minecraft.core.MappedRegistry
[21ago.2025 09:29:49.220] [pool-10-thread-1/DEBUG] [mixin/]: Mixing BlockEntityTypeAccessor from neoforge.mixins.json into net.minecraft.world.level.block.entity.BlockEntityType
[21ago.2025 09:29:49.370] [pool-10-thread-1/DEBUG] [mixin/]: Mixing ItemStackMixin from emi.mixins.json into net.minecraft.world.item.ItemStack
[21ago.2025 09:29:49.370] [pool-10-thread-1/DEBUG] [mixin/]: emi.mixins.json:ItemStackMixin from mod emi: Class version 65 required is higher than the class version supported by the current version of Mixin (JAVA_17 supports class version 61)
[21ago.2025 09:29:49.374] [pool-10-thread-1/DEBUG] [mixin/]: emi.mixins.json:ItemStackMixin from mod emi->@Inject::getTooltip(Lnet/minecraft/world/item/Item$TooltipContext;Lnet/minecraft/world/entity/player/Player;Lnet/minecraft/world/item/TooltipFlag;Lorg/spongepowered/asm/mixin/injection/callback/CallbackInfoReturnable;)V does use it's CallbackInfoReturnable
[21ago.2025 09:29:49.375] [pool-10-thread-1/DEBUG] [mixin/]: emi.mixins.json:ItemStackMixin from mod emi->@Inject::getTooltip(Lnet/minecraft/world/item/Item$TooltipContext;Lnet/minecraft/world/entity/player/Player;Lnet/minecraft/world/item/TooltipFlag;Lorg/spongepowered/asm/mixin/injection/callback/CallbackInfoReturnable;)V does use it's CallbackInfoReturnable
[21ago.2025 09:29:50.162] [pool-10-thread-1/DEBUG] [mixin/]: Mixing accessor.ShovelItemAccessor from emi.mixins.json into net.minecraft.world.item.ShovelItem
[21ago.2025 09:29:50.164] [pool-10-thread-1/DEBUG] [mixin/]: emi.mixins.json:accessor.ShovelItemAccessor from mod emi: Class version 65 required is higher than the class version supported by the current version of Mixin (JAVA_17 supports class version 61)
[21ago.2025 09:29:50.164] [pool-10-thread-1/DEBUG] [mixin/]: Renaming @Accessor method getPathStates()Ljava/util/Map; to getPathStates$emi_$md$a2acd8$0 in emi.mixins.json:accessor.ShovelItemAccessor from mod emi
[21ago.2025 09:29:50.165] [pool-10-thread-1/DEBUG] [mixin/]: Mixing accessor.AxeItemAccessor from emi.mixins.json into net.minecraft.world.item.AxeItem
[21ago.2025 09:29:50.165] [pool-10-thread-1/DEBUG] [mixin/]: emi.mixins.json:accessor.AxeItemAccessor from mod emi: Class version 65 required is higher than the class version supported by the current version of Mixin (JAVA_17 supports class version 61)
[21ago.2025 09:29:50.166] [pool-10-thread-1/DEBUG] [mixin/]: Renaming @Accessor method getStrippedBlocks()Ljava/util/Map; to getStrippedBlocks$emi_$md$a2acd8$0 in emi.mixins.json:accessor.AxeItemAccessor from mod emi
[21ago.2025 09:29:50.167] [pool-10-thread-1/DEBUG] [mixin/]: Mixing accessor.HoeItemAccessor from emi.mixins.json into net.minecraft.world.item.HoeItem
[21ago.2025 09:29:50.167] [pool-10-thread-1/DEBUG] [mixin/]: emi.mixins.json:accessor.HoeItemAccessor from mod emi: Class version 65 required is higher than the class version supported by the current version of Mixin (JAVA_17 supports class version 61)
[21ago.2025 09:29:50.167] [pool-10-thread-1/DEBUG] [mixin/]: Renaming @Accessor method getTillingActions()Ljava/util/Map; to getTillingActions$emi_$md$a2acd8$0 in emi.mixins.json:accessor.HoeItemAccessor from mod emi
[21ago.2025 09:29:50.167] [pool-10-thread-1/DEBUG] [mixin/]: Mixing HoeItemMixin from emi.mixins.json into net.minecraft.world.item.HoeItem
[21ago.2025 09:29:50.167] [pool-10-thread-1/DEBUG] [mixin/]: emi.mixins.json:HoeItemMixin from mod emi: Class version 65 required is higher than the class version supported by the current version of Mixin (JAVA_17 supports class version 61)
[21ago.2025 09:29:50.171] [pool-10-thread-1/DEBUG] [mixin/]: emi.mixins.json:HoeItemMixin from mod emi->@Inject::createTillAction(Lnet/minecraft/world/level/block/state/BlockState;Lorg/spongepowered/asm/mixin/injection/callback/CallbackInfoReturnable;)V does use it's CallbackInfoReturnable
[21ago.2025 09:29:50.171] [pool-10-thread-1/DEBUG] [mixin/]: emi.mixins.json:HoeItemMixin from mod emi->@Inject::createTillAndDropAction(Lnet/minecraft/world/level/block/state/BlockState;Lnet/minecraft/world/level/ItemLike;Lorg/spongepowered/asm/mixin/injection/callback/CallbackInfoReturnable;)V does use it's CallbackInfoReturnable
[21ago.2025 09:29:50.236] [pool-10-thread-1/DEBUG] [io.netty.util.internal.PlatformDependent0/]: -Dio.netty.noUnsafe: false
[21ago.2025 09:29:50.236] [pool-10-thread-1/DEBUG] [io.netty.util.internal.PlatformDependent0/]: Java version: 21
[21ago.2025 09:29:50.237] [pool-10-thread-1/DEBUG] [io.netty.util.internal.PlatformDependent0/]: sun.misc.Unsafe.theUnsafe: available
[21ago.2025 09:29:50.237] [pool-10-thread-1/DEBUG] [io.netty.util.internal.PlatformDependent0/]: sun.misc.Unsafe.copyMemory: available
[21ago.2025 09:29:50.237] [pool-10-thread-1/DEBUG] [io.netty.util.internal.PlatformDependent0/]: sun.misc.Unsafe.storeFence: available
[21ago.2025 09:29:50.237] [pool-10-thread-1/DEBUG] [io.netty.util.internal.PlatformDependent0/]: java.nio.Buffer.address: available
[21ago.2025 09:29:50.238] [pool-10-thread-1/DEBUG] [io.netty.util.internal.PlatformDependent0/]: direct buffer constructor: unavailable: Reflective setAccessible(true) disabled
[21ago.2025 09:29:50.238] [pool-10-thread-1/DEBUG] [io.netty.util.internal.PlatformDependent0/]: java.nio.Bits.unaligned: available, true
[21ago.2025 09:29:50.239] [pool-10-thread-1/DEBUG] [io.netty.util.internal.PlatformDependent0/]: jdk.internal.misc.Unsafe.allocateUninitializedArray(int): unavailable: class io.netty.util.internal.PlatformDependent0$7 (in module io.netty.common) cannot access class jdk.internal.misc.Unsafe (in module java.base) because module java.base does not export jdk.internal.misc to module io.netty.common
[21ago.2025 09:29:50.239] [pool-10-thread-1/DEBUG] [io.netty.util.internal.PlatformDependent0/]: java.nio.DirectByteBuffer.<init>(long, {int,long}): unavailable
[21ago.2025 09:29:50.239] [pool-10-thread-1/DEBUG] [io.netty.util.internal.PlatformDependent/]: sun.misc.Unsafe: available
[21ago.2025 09:29:50.240] [pool-10-thread-1/DEBUG] [io.netty.util.internal.PlatformDependent/]: maxDirectMemory: 8547991552 bytes (maybe)
[21ago.2025 09:29:50.240] [pool-10-thread-1/DEBUG] [io.netty.util.internal.PlatformDependent/]: -Dio.netty.tmpdir: C:\Users\pichau\AppData\Local\Temp (java.io.tmpdir)
[21ago.2025 09:29:50.240] [pool-10-thread-1/DEBUG] [io.netty.util.internal.PlatformDependent/]: -Dio.netty.bitMode: 64 (sun.arch.data.model)
[21ago.2025 09:29:50.240] [pool-10-thread-1/DEBUG] [io.netty.util.internal.PlatformDependent/]: Platform: Windows
[21ago.2025 09:29:50.240] [pool-10-thread-1/DEBUG] [io.netty.util.internal.PlatformDependent/]: -Dio.netty.maxDirectMemory: -1 bytes
[21ago.2025 09:29:50.240] [pool-10-thread-1/DEBUG] [io.netty.util.internal.PlatformDependent/]: -Dio.netty.uninitializedArrayAllocationThreshold: -1
[21ago.2025 09:29:50.242] [pool-10-thread-1/DEBUG] [io.netty.util.internal.CleanerJava9/]: java.nio.ByteBuffer.cleaner(): available
[21ago.2025 09:29:50.242] [pool-10-thread-1/DEBUG] [io.netty.util.internal.PlatformDependent/]: -Dio.netty.noPreferDirect: false
[21ago.2025 09:29:50.998] [pool-10-thread-1/DEBUG] [mixin/]: Mixing accessor.CraftingResultSlotAccessor from emi.mixins.json into net.minecraft.world.inventory.ResultSlot
[21ago.2025 09:29:50.999] [pool-10-thread-1/DEBUG] [mixin/]: emi.mixins.json:accessor.CraftingResultSlotAccessor from mod emi: Class version 65 required is higher than the class version supported by the current version of Mixin (JAVA_17 supports class version 61)
[21ago.2025 09:29:50.999] [pool-10-thread-1/DEBUG] [mixin/]: Mixing CraftingResultSlotMixin from emi.mixins.json into net.minecraft.world.inventory.ResultSlot
[21ago.2025 09:29:50.999] [pool-10-thread-1/DEBUG] [mixin/]: emi.mixins.json:CraftingResultSlotMixin from mod emi: Class version 65 required is higher than the class version supported by the current version of Mixin (JAVA_17 supports class version 61)
[21ago.2025 09:29:51.014] [pool-10-thread-1/DEBUG] [mixin/]: emi.mixins.json:CraftingResultSlotMixin from mod emi->@Inject::onCrafted(Lnet/minecraft/world/item/ItemStack;Lorg/spongepowered/asm/mixin/injection/callback/CallbackInfo;)V doesn't use it's CallbackInfo
[21ago.2025 09:29:51.016] [pool-10-thread-1/DEBUG] [mixin/]: emi.mixins.json:CraftingResultSlotMixin from mod emi->@Inject::onCrafted(Lnet/minecraft/world/item/ItemStack;Lorg/spongepowered/asm/mixin/injection/callback/CallbackInfo;)V has 0 override(s) in child classes
[21ago.2025 09:29:51.016] [pool-10-thread-1/DEBUG] [mixin/]: emi.mixins.json:CraftingResultSlotMixin from mod emi->@Inject::onCrafted(Lnet/minecraft/world/item/ItemStack;Lorg/spongepowered/asm/mixin/injection/callback/CallbackInfo;)V won't be passed a CallbackInfo as a result
[21ago.2025 09:29:51.042] [pool-10-thread-1/DEBUG] [mixin/]: Mixing accessor.SmithingTransformRecipeAccessor from emi.mixins.json into net.minecraft.world.item.crafting.SmithingTransformRecipe
[21ago.2025 09:29:51.043] [pool-10-thread-1/DEBUG] [mixin/]: emi.mixins.json:accessor.SmithingTransformRecipeAccessor from mod emi: Class version 65 required is higher than the class version supported by the current version of Mixin (JAVA_17 supports class version 61)
[21ago.2025 09:29:51.043] [pool-10-thread-1/DEBUG] [mixin/]: Mixing AccessorSmithingTransformRecipe from patchouli_xplat.mixins.json into net.minecraft.world.item.crafting.SmithingTransformRecipe
[21ago.2025 09:29:51.044] [pool-10-thread-1/DEBUG] [mixin/]: Unexpected: Registered method getTemplate()Lnet/minecraft/world/item/crafting/Ingredient; in net.minecraft.world.item.crafting.SmithingTransformRecipe was not merged
[21ago.2025 09:29:51.044] [pool-10-thread-1/DEBUG] [mixin/]: Unexpected: Registered method getAddition()Lnet/minecraft/world/item/crafting/Ingredient; in net.minecraft.world.item.crafting.SmithingTransformRecipe was not merged
[21ago.2025 09:29:51.044] [pool-10-thread-1/DEBUG] [mixin/]: Unexpected: Registered method getBase()Lnet/minecraft/world/item/crafting/Ingredient; in net.minecraft.world.item.crafting.SmithingTransformRecipe was not merged
[21ago.2025 09:29:51.045] [pool-10-thread-1/DEBUG] [mixin/]: Mixing accessor.SmithingTrimRecipeAccessor from emi.mixins.json into net.minecraft.world.item.crafting.SmithingTrimRecipe
[21ago.2025 09:29:51.046] [pool-10-thread-1/DEBUG] [mixin/]: emi.mixins.json:accessor.SmithingTrimRecipeAccessor from mod emi: Class version 65 required is higher than the class version supported by the current version of Mixin (JAVA_17 supports class version 61)
[21ago.2025 09:29:51.046] [pool-10-thread-1/DEBUG] [mixin/]: Mixing AccessorSmithingTrimRecipe from patchouli_xplat.mixins.json into net.minecraft.world.item.crafting.SmithingTrimRecipe
[21ago.2025 09:29:51.046] [pool-10-thread-1/DEBUG] [mixin/]: Unexpected: Registered method getBase()Lnet/minecraft/world/item/crafting/Ingredient; in net.minecraft.world.item.crafting.SmithingTrimRecipe was not merged
[21ago.2025 09:29:51.046] [pool-10-thread-1/DEBUG] [mixin/]: Unexpected: Registered method getAddition()Lnet/minecraft/world/item/crafting/Ingredient; in net.minecraft.world.item.crafting.SmithingTrimRecipe was not merged
[21ago.2025 09:29:51.046] [pool-10-thread-1/DEBUG] [mixin/]: Unexpected: Registered method getTemplate()Lnet/minecraft/world/item/crafting/Ingredient; in net.minecraft.world.item.crafting.SmithingTrimRecipe was not merged
[21ago.2025 09:29:52.011] [main/WARN] [net.minecraft.commands.Commands/]: Ambiguity between arguments [teleport, location] and [teleport, destination] with inputs: [0.1 -0.5 .9, 0 0 0]
[21ago.2025 09:29:52.012] [main/WARN] [net.minecraft.commands.Commands/]: Ambiguity between arguments [teleport, location] and [teleport, targets] with inputs: [0.1 -0.5 .9, 0 0 0]
[21ago.2025 09:29:52.013] [main/WARN] [net.minecraft.commands.Commands/]: Ambiguity between arguments [teleport, destination] and [teleport, targets] with inputs: [Player, 0123, @e, dd12be42-52a9-4a91-a8a1-11c01849e498]
[21ago.2025 09:29:52.015] [main/WARN] [net.minecraft.commands.Commands/]: Ambiguity between arguments [teleport, targets] and [teleport, destination] with inputs: [Player, 0123, dd12be42-52a9-4a91-a8a1-11c01849e498]
[21ago.2025 09:29:52.015] [main/WARN] [net.minecraft.commands.Commands/]: Ambiguity between arguments [teleport, targets, location] and [teleport, targets, destination] with inputs: [0.1 -0.5 .9, 0 0 0]
[21ago.2025 09:29:52.073] [Render thread/WARN] [net.minecraft.server.packs.VanillaPackResourcesBuilder/]: Assets URL 'union:/D:/IntelliJ/projects/PsionicTickMaster/build/moddev/artifacts/neoforge-21.1.193.jar%23192!/assets/.mcassetsroot' uses unexpected schema
[21ago.2025 09:29:52.073] [Render thread/WARN] [net.minecraft.server.packs.VanillaPackResourcesBuilder/]: Assets URL 'union:/D:/IntelliJ/projects/PsionicTickMaster/build/moddev/artifacts/neoforge-21.1.193.jar%23192!/data/.mcassetsroot' uses unexpected schema
[21ago.2025 09:29:52.097] [Render thread/INFO] [com.mojang.authlib.yggdrasil.YggdrasilAuthenticationService/]: Environment: Environment[sessionHost=https://sessionserver.mojang.com, servicesHost=https://api.minecraftservices.com, name=PROD]
[21ago.2025 09:29:52.105] [Render thread/INFO] [net.minecraft.client.Minecraft/]: Setting user: Dev
[21ago.2025 09:29:52.106] [Render thread/DEBUG] [mixin/]: Mixing client.AccessorKeyMapping from patchouli_xplat.mixins.json into net.minecraft.client.KeyMapping
[21ago.2025 09:29:52.106] [Render thread/DEBUG] [mixin/]: Renaming @Accessor method getAllKeyMappings()Ljava/util/Map; to getAllKeyMappings$patchouli_$md$a2acd8$0 in patchouli_xplat.mixins.json:client.AccessorKeyMapping from mod patchouli
[21ago.2025 09:29:52.109] [Render thread/DEBUG] [mixin/]: Mixing ToastManagerMixin from emi.mixins.json into net.minecraft.client.gui.components.toasts.ToastComponent
[21ago.2025 09:29:52.109] [Render thread/DEBUG] [mixin/]: emi.mixins.json:ToastManagerMixin from mod emi: Class version 65 required is higher than the class version supported by the current version of Mixin (JAVA_17 supports class version 61)
[21ago.2025 09:29:52.110] [Render thread/DEBUG] [mixin/]: emi.mixins.json:ToastManagerMixin from mod emi->@Inject::drawHead(Lnet/minecraft/client/gui/GuiGraphics;Lorg/spongepowered/asm/mixin/injection/callback/CallbackInfo;)V does use it's CallbackInfo
[21ago.2025 09:29:52.168] [Render thread/INFO] [net.minecraft.client.Minecraft/]: Backend library: LWJGL version 3.3.3+5
[21ago.2025 09:29:52.215] [Render thread/DEBUG] [mixin/]: Mixing MouseMixin from emi.mixins.json into net.minecraft.client.MouseHandler
[21ago.2025 09:29:52.215] [Render thread/DEBUG] [mixin/]: emi.mixins.json:MouseMixin from mod emi: Class version 65 required is higher than the class version supported by the current version of Mixin (JAVA_17 supports class version 61)
[21ago.2025 09:29:52.224] [Render thread/DEBUG] [mixin/]: emi.mixins.json:MouseMixin from mod emi->@Inject::onMouseDown(JIIILorg/spongepowered/asm/mixin/injection/callback/CallbackInfo;)V does use it's CallbackInfo
[21ago.2025 09:29:52.224] [Render thread/DEBUG] [mixin/]: emi.mixins.json:MouseMixin from mod emi->@Inject::onMouseUp(JIIILorg/spongepowered/asm/mixin/injection/callback/CallbackInfo;)V does use it's CallbackInfo
[21ago.2025 09:29:52.224] [Render thread/DEBUG] [mixin/]: emi.mixins.json:MouseMixin from mod emi->@Inject::onMouseDragged(Lorg/spongepowered/asm/mixin/injection/callback/CallbackInfo;)V doesn't use it's CallbackInfo
[21ago.2025 09:29:52.224] [Render thread/DEBUG] [mixin/]: emi.mixins.json:MouseMixin from mod emi->@Inject::onMouseDragged(Lorg/spongepowered/asm/mixin/injection/callback/CallbackInfo;)V has 0 override(s) in child classes
[21ago.2025 09:29:52.224] [Render thread/DEBUG] [mixin/]: emi.mixins.json:MouseMixin from mod emi->@Inject::onMouseDragged(Lorg/spongepowered/asm/mixin/injection/callback/CallbackInfo;)V won't be passed a CallbackInfo as a result
[21ago.2025 09:29:52.224] [Render thread/DEBUG] [mixin/]: emi.mixins.json:MouseMixin from mod emi->@Inject::onMouseScrolled(JDDLorg/spongepowered/asm/mixin/injection/callback/CallbackInfo;)V does use it's CallbackInfo
[21ago.2025 09:29:52.227] [Render thread/DEBUG] [mixin/]: Mixing KeyboardMixin from emi.mixins.json into net.minecraft.client.KeyboardHandler
[21ago.2025 09:29:52.227] [Render thread/DEBUG] [mixin/]: emi.mixins.json:KeyboardMixin from mod emi: Class version 65 required is higher than the class version supported by the current version of Mixin (JAVA_17 supports class version 61)
[21ago.2025 09:29:52.232] [Render thread/DEBUG] [mixin/]: emi.mixins.json:KeyboardMixin from mod emi->@Inject::onKey(JIIIILorg/spongepowered/asm/mixin/injection/callback/CallbackInfo;)V does use it's CallbackInfo
[21ago.2025 09:29:52.232] [Render thread/DEBUG] [mixin/]: emi.mixins.json:KeyboardMixin from mod emi->@Inject::onChar(JIILorg/spongepowered/asm/mixin/injection/callback/CallbackInfo;)V does use it's CallbackInfo
[21ago.2025 09:29:52.313] [Render thread/DEBUG] [net.neoforged.fml.ModWorkManager/LOADING]: Using 20 threads for parallel mod-loading
[21ago.2025 09:29:52.330] [Render thread/DEBUG] [net.neoforged.fml.javafmlmod.FMLModContainer/LOADING]: Creating FMLModContainer instance for [dev.emi.emi.platform.neoforge.EmiNeoForge]
[21ago.2025 09:29:52.333] [Render thread/DEBUG] [net.neoforged.fml.javafmlmod.FMLModContainer/LOADING]: Creating FMLModContainer instance for [vazkii.patchouli.neoforge.common.NeoForgeModInitializer]
[21ago.2025 09:29:52.334] [Render thread/DEBUG] [net.neoforged.fml.javafmlmod.FMLModContainer/LOADING]: Creating FMLModContainer instance for [net.neoforged.neoforge.common.NeoForgeMod, net.neoforged.neoforge.client.ClientNeoForgeMod]
[21ago.2025 09:29:52.336] [Render thread/DEBUG] [net.neoforged.fml.javafmlmod.FMLModContainer/LOADING]: Creating FMLModContainer instance for [vazkii.psi.common.Psi]
[21ago.2025 09:29:52.337] [Render thread/DEBUG] [net.neoforged.fml.javafmlmod.FMLModContainer/LOADING]: Creating FMLModContainer instance for [hellisheden.psitickmaster.Psitickmaster]
[21ago.2025 09:29:52.353] [modloading-worker-0/DEBUG] [net.neoforged.fml.javafmlmod.AutomaticEventSubscriber/LOADING]: Attempting to inject @EventBusSubscriber classes into the eventbus for emi
[21ago.2025 09:29:52.355] [modloading-worker-0/DEBUG] [net.neoforged.fml.javafmlmod.AutomaticEventSubscriber/LOADING]: Scanning class dev.emi.emi.platform.neoforge.EmiClientNeoForge for @SubscribeEvent-annotated methods
[21ago.2025 09:29:52.357] [modloading-worker-0/DEBUG] [net.neoforged.fml.config.ConfigTracker/CONFIG]: Config file patchouli-client.toml for patchouli tracking
[21ago.2025 09:29:52.358] [modloading-worker-0/DEBUG] [net.neoforged.neoforge.internal.versions.neoforge.NeoForgeVersion/CORE]: Found NeoForge version 21.1.193
[21ago.2025 09:29:52.358] [modloading-worker-0/DEBUG] [net.neoforged.neoforge.internal.versions.neoforge.NeoForgeVersion/CORE]: Found FML version 4.0.41
[21ago.2025 09:29:52.358] [modloading-worker-0/DEBUG] [net.neoforged.fml.javafmlmod.AutomaticEventSubscriber/LOADING]: Attempting to inject @EventBusSubscriber classes into the eventbus for patchouli
[21ago.2025 09:29:52.358] [modloading-worker-0/INFO] [net.neoforged.neoforge.common.NeoForgeMod/NEOFORGE-MOD]: NeoForge mod loading, version 21.1.193, for MC 1.21.1
[21ago.2025 09:29:52.358] [modloading-worker-0/DEBUG] [net.neoforged.fml.javafmlmod.AutomaticEventSubscriber/LOADING]: Scanning class vazkii.patchouli.neoforge.client.NeoForgeClientInitializer for @SubscribeEvent-annotated methods
[21ago.2025 09:29:52.365] [modloading-worker-0/DEBUG] [net.neoforged.fml.javafmlmod.AutomaticEventSubscriber/]: Subscribing @EventBusSubscriber class Ldev/emi/emi/platform/neoforge/EmiClientNeoForge; to the mod event bus of mod emi
[21ago.2025 09:29:52.365] [modloading-worker-0/DEBUG] [net.neoforged.fml.javafmlmod.AutomaticEventSubscriber/]: Subscribing @EventBusSubscriber class Lvazkii/patchouli/neoforge/client/NeoForgeClientInitializer; to the mod event bus of mod patchouli
[21ago.2025 09:29:52.369] [modloading-worker-0/DEBUG] [net.neoforged.fml.javafmlmod.AutomaticEventSubscriber/LOADING]: Scanning class vazkii.patchouli.neoforge.common.NeoForgeModInitializer for @SubscribeEvent-annotated methods
[21ago.2025 09:29:52.369] [modloading-worker-0/DEBUG] [net.neoforged.fml.config.ConfigTracker/CONFIG]: Config file neoforge-client.toml for neoforge tracking
[21ago.2025 09:29:52.369] [modloading-worker-0/DEBUG] [net.neoforged.fml.config.ConfigTracker/CONFIG]: Config file neoforge-server.toml for neoforge tracking
[21ago.2025 09:29:52.369] [modloading-worker-0/DEBUG] [net.neoforged.fml.config.ConfigTracker/CONFIG]: Config file neoforge-common.toml for neoforge tracking
[21ago.2025 09:29:52.371] [modloading-worker-0/DEBUG] [net.neoforged.fml.javafmlmod.AutomaticEventSubscriber/]: Subscribing @EventBusSubscriber class Lvazkii/patchouli/neoforge/common/NeoForgeModInitializer; to the mod event bus of mod patchouli
[21ago.2025 09:29:52.423] [modloading-worker-0/DEBUG] [net.neoforged.fml.javafmlmod.AutomaticEventSubscriber/LOADING]: Attempting to inject @EventBusSubscriber classes into the eventbus for neoforge
[21ago.2025 09:29:52.423] [modloading-worker-0/DEBUG] [net.neoforged.fml.javafmlmod.AutomaticEventSubscriber/LOADING]: Scanning class net.neoforged.neoforge.server.command.ConfigCommand for @SubscribeEvent-annotated methods
[21ago.2025 09:29:52.423] [modloading-worker-0/DEBUG] [net.neoforged.fml.javafmlmod.AutomaticEventSubscriber/]: Subscribing @EventBusSubscriber class Lnet/neoforged/neoforge/server/command/ConfigCommand; to the game event bus
[21ago.2025 09:29:52.424] [modloading-worker-0/DEBUG] [net.neoforged.fml.javafmlmod.AutomaticEventSubscriber/LOADING]: Scanning class net.neoforged.neoforge.network.filters.GenericPacketSplitter for @SubscribeEvent-annotated methods
[21ago.2025 09:29:52.449] [modloading-worker-0/DEBUG] [io.netty.buffer.AbstractByteBuf/]: -Dio.netty.buffer.checkAccessible: true
[21ago.2025 09:29:52.449] [modloading-worker-0/DEBUG] [io.netty.buffer.AbstractByteBuf/]: -Dio.netty.buffer.checkBounds: true
[21ago.2025 09:29:52.450] [modloading-worker-0/DEBUG] [io.netty.util.ResourceLeakDetectorFactory/]: Loaded default ResourceLeakDetector: io.netty.util.ResourceLeakDetector@683aa17c
[21ago.2025 09:29:52.458] [modloading-worker-0/DEBUG] [io.netty.util.internal.InternalThreadLocalMap/]: -Dio.netty.threadLocalMap.stringBuilder.initialSize: 1024
[21ago.2025 09:29:52.458] [modloading-worker-0/DEBUG] [io.netty.util.internal.InternalThreadLocalMap/]: -Dio.netty.threadLocalMap.stringBuilder.maxSize: 4096
[21ago.2025 09:29:52.461] [modloading-worker-0/DEBUG] [io.netty.buffer.PooledByteBufAllocator/]: -Dio.netty.allocator.numHeapArenas: 40
[21ago.2025 09:29:52.461] [modloading-worker-0/DEBUG] [io.netty.buffer.PooledByteBufAllocator/]: -Dio.netty.allocator.numDirectArenas: 40
[21ago.2025 09:29:52.462] [modloading-worker-0/DEBUG] [io.netty.buffer.PooledByteBufAllocator/]: -Dio.netty.allocator.pageSize: 8192
[21ago.2025 09:29:52.462] [modloading-worker-0/DEBUG] [io.netty.buffer.PooledByteBufAllocator/]: -Dio.netty.allocator.maxOrder: 9
[21ago.2025 09:29:52.462] [modloading-worker-0/DEBUG] [io.netty.buffer.PooledByteBufAllocator/]: -Dio.netty.allocator.chunkSize: 4194304
[21ago.2025 09:29:52.462] [modloading-worker-0/DEBUG] [io.netty.buffer.PooledByteBufAllocator/]: -Dio.netty.allocator.smallCacheSize: 256
[21ago.2025 09:29:52.462] [modloading-worker-0/DEBUG] [io.netty.buffer.PooledByteBufAllocator/]: -Dio.netty.allocator.normalCacheSize: 64
[21ago.2025 09:29:52.462] [modloading-worker-0/DEBUG] [io.netty.buffer.PooledByteBufAllocator/]: -Dio.netty.allocator.maxCachedBufferCapacity: 32768
[21ago.2025 09:29:52.462] [modloading-worker-0/DEBUG] [io.netty.buffer.PooledByteBufAllocator/]: -Dio.netty.allocator.cacheTrimInterval: 8192
[21ago.2025 09:29:52.462] [modloading-worker-0/DEBUG] [io.netty.buffer.PooledByteBufAllocator/]: -Dio.netty.allocator.cacheTrimIntervalMillis: 0
[21ago.2025 09:29:52.462] [modloading-worker-0/DEBUG] [io.netty.buffer.PooledByteBufAllocator/]: -Dio.netty.allocator.useCacheForAllThreads: false
[21ago.2025 09:29:52.462] [modloading-worker-0/DEBUG] [io.netty.buffer.PooledByteBufAllocator/]: -Dio.netty.allocator.maxCachedByteBuffersPerChunk: 1023
[21ago.2025 09:29:52.471] [modloading-worker-0/DEBUG] [io.netty.buffer.ByteBufUtil/]: -Dio.netty.allocator.type: pooled
[21ago.2025 09:29:52.471] [modloading-worker-0/DEBUG] [io.netty.buffer.ByteBufUtil/]: -Dio.netty.threadLocalDirectBufferSize: 0
[21ago.2025 09:29:52.471] [modloading-worker-0/DEBUG] [io.netty.buffer.ByteBufUtil/]: -Dio.netty.maxThreadLocalCharBufferSize: 16384
[21ago.2025 09:29:52.476] [modloading-worker-0/DEBUG] [net.neoforged.fml.javafmlmod.AutomaticEventSubscriber/]: Subscribing @EventBusSubscriber class Lnet/neoforged/neoforge/network/filters/GenericPacketSplitter; to the mod event bus of mod neoforge
[21ago.2025 09:29:52.480] [modloading-worker-0/DEBUG] [net.neoforged.fml.javafmlmod.AutomaticEventSubscriber/LOADING]: Scanning class net.neoforged.neoforge.network.NetworkInitialization for @SubscribeEvent-annotated methods
[21ago.2025 09:29:52.481] [modloading-worker-0/DEBUG] [net.neoforged.fml.javafmlmod.AutomaticEventSubscriber/]: Subscribing @EventBusSubscriber class Lnet/neoforged/neoforge/network/NetworkInitialization; to the mod event bus of mod neoforge
[21ago.2025 09:29:52.481] [modloading-worker-0/DEBUG] [net.neoforged.fml.javafmlmod.AutomaticEventSubscriber/LOADING]: Scanning class net.neoforged.neoforge.network.ConfigurationInitialization for @SubscribeEvent-annotated methods
[21ago.2025 09:29:52.483] [modloading-worker-0/DEBUG] [net.neoforged.fml.javafmlmod.AutomaticEventSubscriber/]: Subscribing @EventBusSubscriber class Lnet/neoforged/neoforge/network/ConfigurationInitialization; to the mod event bus of mod neoforge
[21ago.2025 09:29:52.484] [modloading-worker-0/DEBUG] [net.neoforged.fml.javafmlmod.AutomaticEventSubscriber/LOADING]: Scanning class net.neoforged.neoforge.common.MonsterRoomHooks for @SubscribeEvent-annotated methods
[21ago.2025 09:29:52.484] [modloading-worker-0/DEBUG] [net.neoforged.fml.javafmlmod.AutomaticEventSubscriber/]: Subscribing @EventBusSubscriber class Lnet/neoforged/neoforge/common/MonsterRoomHooks; to the game event bus
[21ago.2025 09:29:52.484] [modloading-worker-0/DEBUG] [net.neoforged.fml.javafmlmod.AutomaticEventSubscriber/LOADING]: Scanning class net.neoforged.neoforge.common.DeferredSpawnEggItem$CommonHandler for @SubscribeEvent-annotated methods
[21ago.2025 09:29:52.485] [modloading-worker-0/DEBUG] [net.neoforged.fml.javafmlmod.AutomaticEventSubscriber/]: Subscribing @EventBusSubscriber class Lnet/neoforged/neoforge/common/DeferredSpawnEggItem$CommonHandler; to the mod event bus of mod neoforge
[21ago.2025 09:29:52.485] [modloading-worker-0/DEBUG] [net.neoforged.fml.javafmlmod.AutomaticEventSubscriber/LOADING]: Scanning class net.neoforged.neoforge.common.DeferredSpawnEggItem$ColorRegisterHandler for @SubscribeEvent-annotated methods
[21ago.2025 09:29:52.487] [modloading-worker-0/DEBUG] [net.neoforged.fml.javafmlmod.AutomaticEventSubscriber/]: Subscribing @EventBusSubscriber class Lnet/neoforged/neoforge/common/DeferredSpawnEggItem$ColorRegisterHandler; to the mod event bus of mod neoforge
[21ago.2025 09:29:52.487] [modloading-worker-0/DEBUG] [net.neoforged.fml.javafmlmod.AutomaticEventSubscriber/LOADING]: Scanning class net.neoforged.neoforge.client.model.data.ModelDataManager for @SubscribeEvent-annotated methods
[21ago.2025 09:29:52.489] [modloading-worker-0/DEBUG] [net.neoforged.fml.javafmlmod.AutomaticEventSubscriber/]: Subscribing @EventBusSubscriber class Lnet/neoforged/neoforge/client/model/data/ModelDataManager; to the game event bus
[21ago.2025 09:29:52.490] [modloading-worker-0/DEBUG] [net.neoforged.fml.javafmlmod.AutomaticEventSubscriber/LOADING]: Scanning class net.neoforged.neoforge.client.ParticleBoundsDebugRenderer for @SubscribeEvent-annotated methods
[21ago.2025 09:29:52.492] [modloading-worker-0/DEBUG] [net.neoforged.fml.javafmlmod.AutomaticEventSubscriber/]: Subscribing @EventBusSubscriber class Lnet/neoforged/neoforge/client/ParticleBoundsDebugRenderer; to the game event bus
[21ago.2025 09:29:52.492] [modloading-worker-0/DEBUG] [net.neoforged.fml.javafmlmod.AutomaticEventSubscriber/LOADING]: Scanning class net.neoforged.neoforge.client.ClientHooks$ClientEvents for @SubscribeEvent-annotated methods
[21ago.2025 09:29:52.495] [modloading-worker-0/DEBUG] [net.neoforged.fml.javafmlmod.AutomaticEventSubscriber/]: Subscribing @EventBusSubscriber class Lnet/neoforged/neoforge/client/ClientHooks$ClientEvents; to the mod event bus of mod neoforge
[21ago.2025 09:29:52.495] [modloading-worker-0/DEBUG] [net.neoforged.fml.javafmlmod.AutomaticEventSubscriber/LOADING]: Scanning class net.neoforged.neoforge.client.BlockEntityRenderBoundsDebugRenderer for @SubscribeEvent-annotated methods
[21ago.2025 09:29:52.495] [modloading-worker-0/DEBUG] [net.neoforged.fml.javafmlmod.AutomaticEventSubscriber/]: Subscribing @EventBusSubscriber class Lnet/neoforged/neoforge/client/BlockEntityRenderBoundsDebugRenderer; to the game event bus
[21ago.2025 09:29:52.496] [modloading-worker-0/DEBUG] [net.neoforged.fml.javafmlmod.AutomaticEventSubscriber/LOADING]: Scanning class net.neoforged.neoforge.attachment.AttachmentInternals for @SubscribeEvent-annotated methods
[21ago.2025 09:29:52.496] [modloading-worker-0/DEBUG] [net.neoforged.fml.javafmlmod.AutomaticEventSubscriber/]: Subscribing @EventBusSubscriber class Lnet/neoforged/neoforge/attachment/AttachmentInternals; to the game event bus
[21ago.2025 09:29:52.505] [modloading-worker-0/DEBUG] [net.neoforged.fml.config.ConfigTracker/CONFIG]: Config file psi-client.toml for psi tracking
[21ago.2025 09:29:52.505] [modloading-worker-0/DEBUG] [net.neoforged.fml.config.ConfigTracker/CONFIG]: Config file psi-common.toml for psi tracking
[21ago.2025 09:29:52.510] [modloading-worker-0/DEBUG] [net.neoforged.fml.javafmlmod.AutomaticEventSubscriber/LOADING]: Attempting to inject @EventBusSubscriber classes into the eventbus for psi
[21ago.2025 09:29:52.510] [modloading-worker-0/DEBUG] [net.neoforged.fml.javafmlmod.AutomaticEventSubscriber/LOADING]: Scanning class vazkii.psi.data.DataGenerator for @SubscribeEvent-annotated methods
[21ago.2025 09:29:52.510] [modloading-worker-0/DEBUG] [net.neoforged.fml.javafmlmod.AutomaticEventSubscriber/]: Subscribing @EventBusSubscriber class Lvazkii/psi/data/DataGenerator; to the mod event bus of mod psi
[21ago.2025 09:29:52.512] [modloading-worker-0/DEBUG] [net.neoforged.fml.javafmlmod.AutomaticEventSubscriber/LOADING]: Scanning class vazkii.psi.client.core.proxy.ClientProxy for @SubscribeEvent-annotated methods
[21ago.2025 09:29:52.513] [modloading-worker-0/DEBUG] [net.neoforged.fml.javafmlmod.AutomaticEventSubscriber/]: Subscribing @EventBusSubscriber class Lvazkii/psi/client/core/proxy/ClientProxy; to the mod event bus of mod psi
[21ago.2025 09:29:52.515] [modloading-worker-0/DEBUG] [net.neoforged.fml.javafmlmod.AutomaticEventSubscriber/LOADING]: Scanning class vazkii.psi.client.core.handler.ColorHandler for @SubscribeEvent-annotated methods
[21ago.2025 09:29:52.515] [modloading-worker-0/DEBUG] [net.neoforged.fml.javafmlmod.AutomaticEventSubscriber/]: Subscribing @EventBusSubscriber class Lvazkii/psi/client/core/handler/ColorHandler; to the mod event bus of mod psi
[21ago.2025 09:29:52.515] [modloading-worker-0/DEBUG] [net.neoforged.fml.javafmlmod.AutomaticEventSubscriber/LOADING]: Scanning class vazkii.psi.client.core.handler.ClientTickHandler for @SubscribeEvent-annotated methods
[21ago.2025 09:29:52.517] [modloading-worker-0/DEBUG] [net.neoforged.fml.javafmlmod.AutomaticEventSubscriber/]: Subscribing @EventBusSubscriber class Lvazkii/psi/client/core/handler/ClientTickHandler; to the game event bus
[21ago.2025 09:29:52.517] [modloading-worker-0/DEBUG] [net.neoforged.fml.javafmlmod.AutomaticEventSubscriber/LOADING]: Scanning class vazkii.psi.client.core.handler.HUDHandler for @SubscribeEvent-annotated methods
[21ago.2025 09:29:52.520] [modloading-worker-0/DEBUG] [net.neoforged.fml.javafmlmod.AutomaticEventSubscriber/]: Subscribing @EventBusSubscriber class Lvazkii/psi/client/core/handler/HUDHandler; to the mod event bus of mod psi
[21ago.2025 09:29:52.520] [modloading-worker-0/DEBUG] [net.neoforged.fml.javafmlmod.AutomaticEventSubscriber/LOADING]: Scanning class vazkii.psi.client.core.handler.KeybindHandler for @SubscribeEvent-annotated methods
[21ago.2025 09:29:52.521] [modloading-worker-0/DEBUG] [net.neoforged.fml.javafmlmod.AutomaticEventSubscriber/]: Subscribing @EventBusSubscriber class Lvazkii/psi/client/core/handler/KeybindHandler; to the mod event bus of mod psi
[21ago.2025 09:29:52.521] [modloading-worker-0/DEBUG] [net.neoforged.fml.javafmlmod.AutomaticEventSubscriber/LOADING]: Scanning class vazkii.psi.client.core.handler.ShaderHandler for @SubscribeEvent-annotated methods
[21ago.2025 09:29:52.521] [modloading-worker-0/DEBUG] [net.neoforged.fml.javafmlmod.AutomaticEventSubscriber/]: Subscribing @EventBusSubscriber class Lvazkii/psi/client/core/handler/ShaderHandler; to the mod event bus of mod psi
[21ago.2025 09:29:52.522] [modloading-worker-0/DEBUG] [net.neoforged.fml.javafmlmod.AutomaticEventSubscriber/LOADING]: Scanning class vazkii.psi.client.core.handler.BookSoundHandler for @SubscribeEvent-annotated methods
[21ago.2025 09:29:52.522] [modloading-worker-0/DEBUG] [net.neoforged.fml.javafmlmod.AutomaticEventSubscriber/]: Subscribing @EventBusSubscriber class Lvazkii/psi/client/core/handler/BookSoundHandler; to the game event bus
[21ago.2025 09:29:52.522] [modloading-worker-0/DEBUG] [net.neoforged.fml.javafmlmod.AutomaticEventSubscriber/LOADING]: Scanning class vazkii.psi.common.item.base.ModItems for @SubscribeEvent-annotated methods
[21ago.2025 09:29:52.532] [modloading-worker-0/DEBUG] [net.neoforged.fml.javafmlmod.AutomaticEventSubscriber/]: Subscribing @EventBusSubscriber class Lvazkii/psi/common/item/base/ModItems; to the mod event bus of mod psi
[21ago.2025 09:29:52.532] [modloading-worker-0/DEBUG] [net.neoforged.fml.javafmlmod.AutomaticEventSubscriber/LOADING]: Scanning class vazkii.psi.common.item.armor.ItemPsimetalArmor for @SubscribeEvent-annotated methods
[21ago.2025 09:29:52.533] [modloading-worker-0/DEBUG] [net.neoforged.fml.javafmlmod.AutomaticEventSubscriber/]: Subscribing @EventBusSubscriber class Lvazkii/psi/common/item/armor/ItemPsimetalArmor; to the game event bus
[21ago.2025 09:29:52.534] [modloading-worker-0/DEBUG] [net.neoforged.fml.javafmlmod.AutomaticEventSubscriber/LOADING]: Scanning class vazkii.psi.common.item.tool.ItemPsimetalPickaxe for @SubscribeEvent-annotated methods
[21ago.2025 09:29:52.534] [modloading-worker-0/DEBUG] [net.neoforged.fml.javafmlmod.AutomaticEventSubscriber/]: Subscribing @EventBusSubscriber class Lvazkii/psi/common/item/tool/ItemPsimetalPickaxe; to the game event bus
[21ago.2025 09:29:52.535] [modloading-worker-0/DEBUG] [net.neoforged.fml.javafmlmod.AutomaticEventSubscriber/LOADING]: Scanning class vazkii.psi.common.item.tool.ItemPsimetalShovel for @SubscribeEvent-annotated methods
[21ago.2025 09:29:52.535] [modloading-worker-0/DEBUG] [net.neoforged.fml.javafmlmod.AutomaticEventSubscriber/]: Subscribing @EventBusSubscriber class Lvazkii/psi/common/item/tool/ItemPsimetalShovel; to the game event bus
[21ago.2025 09:29:52.536] [modloading-worker-0/DEBUG] [net.neoforged.fml.javafmlmod.AutomaticEventSubscriber/LOADING]: Scanning class vazkii.psi.common.item.tool.ItemPsimetalAxe for @SubscribeEvent-annotated methods
[21ago.2025 09:29:52.536] [modloading-worker-0/DEBUG] [net.neoforged.fml.javafmlmod.AutomaticEventSubscriber/]: Subscribing @EventBusSubscriber class Lvazkii/psi/common/item/tool/ItemPsimetalAxe; to the game event bus
[21ago.2025 09:29:52.537] [modloading-worker-0/DEBUG] [net.neoforged.fml.javafmlmod.AutomaticEventSubscriber/LOADING]: Scanning class vazkii.psi.common.item.tool.ItemPsimetalSword for @SubscribeEvent-annotated methods
[21ago.2025 09:29:52.537] [modloading-worker-0/DEBUG] [net.neoforged.fml.javafmlmod.AutomaticEventSubscriber/]: Subscribing @EventBusSubscriber class Lvazkii/psi/common/item/tool/ItemPsimetalSword; to the game event bus
[21ago.2025 09:29:52.537] [modloading-worker-0/DEBUG] [net.neoforged.fml.javafmlmod.AutomaticEventSubscriber/LOADING]: Scanning class vazkii.psi.common.item.component.DefaultStats for @SubscribeEvent-annotated methods
[21ago.2025 09:29:52.538] [modloading-worker-0/DEBUG] [net.neoforged.fml.javafmlmod.AutomaticEventSubscriber/]: Subscribing @EventBusSubscriber class Lvazkii/psi/common/item/component/DefaultStats; to the game event bus
[21ago.2025 09:29:52.538] [modloading-worker-0/DEBUG] [net.neoforged.fml.javafmlmod.AutomaticEventSubscriber/LOADING]: Scanning class vazkii.psi.common.core.PsiCreativeTab for @SubscribeEvent-annotated methods
[21ago.2025 09:29:52.538] [modloading-worker-0/DEBUG] [net.neoforged.fml.javafmlmod.AutomaticEventSubscriber/]: Subscribing @EventBusSubscriber class Lvazkii/psi/common/core/PsiCreativeTab; to the mod event bus of mod psi
[21ago.2025 09:29:52.539] [modloading-worker-0/DEBUG] [net.neoforged.fml.javafmlmod.AutomaticEventSubscriber/LOADING]: Scanning class vazkii.psi.common.core.handler.AdditiveMotionHandler for @SubscribeEvent-annotated methods
[21ago.2025 09:29:52.539] [modloading-worker-0/DEBUG] [net.neoforged.fml.javafmlmod.AutomaticEventSubscriber/]: Subscribing @EventBusSubscriber class Lvazkii/psi/common/core/handler/AdditiveMotionHandler; to the game event bus
[21ago.2025 09:29:52.539] [modloading-worker-0/DEBUG] [net.neoforged.fml.javafmlmod.AutomaticEventSubscriber/LOADING]: Scanning class vazkii.psi.common.core.handler.PsiSoundHandler for @SubscribeEvent-annotated methods
[21ago.2025 09:29:52.540] [modloading-worker-0/DEBUG] [net.neoforged.fml.javafmlmod.AutomaticEventSubscriber/]: Subscribing @EventBusSubscriber class Lvazkii/psi/common/core/handler/PsiSoundHandler; to the mod event bus of mod psi
[21ago.2025 09:29:52.540] [modloading-worker-0/DEBUG] [net.neoforged.fml.javafmlmod.AutomaticEventSubscriber/LOADING]: Scanning class vazkii.psi.common.core.handler.PlayerDataHandler$EventHandler for @SubscribeEvent-annotated methods
[21ago.2025 09:29:52.542] [modloading-worker-0/DEBUG] [net.neoforged.fml.javafmlmod.AutomaticEventSubscriber/]: Subscribing @EventBusSubscriber class Lvazkii/psi/common/core/handler/PlayerDataHandler$EventHandler; to the game event bus
[21ago.2025 09:29:52.544] [modloading-worker-0/DEBUG] [net.neoforged.fml.javafmlmod.AutomaticEventSubscriber/LOADING]: Scanning class vazkii.psi.common.core.handler.ContributorSpellCircleHandler for @SubscribeEvent-annotated methods
[21ago.2025 09:29:52.545] [modloading-worker-0/DEBUG] [net.neoforged.fml.javafmlmod.AutomaticEventSubscriber/]: Subscribing @EventBusSubscriber class Lvazkii/psi/common/core/handler/ContributorSpellCircleHandler; to the game event bus
[21ago.2025 09:29:52.545] [modloading-worker-0/DEBUG] [net.neoforged.fml.javafmlmod.AutomaticEventSubscriber/LOADING]: Scanning class vazkii.psi.common.core.handler.capability.CapabilityHandler for @SubscribeEvent-annotated methods
[21ago.2025 09:29:52.549] [modloading-worker-0/DEBUG] [net.neoforged.fml.javafmlmod.AutomaticEventSubscriber/]: Subscribing @EventBusSubscriber class Lvazkii/psi/common/core/handler/capability/CapabilityHandler; to the mod event bus of mod psi
[21ago.2025 09:29:52.549] [modloading-worker-0/DEBUG] [net.neoforged.fml.javafmlmod.AutomaticEventSubscriber/LOADING]: Scanning class vazkii.psi.common.core.handler.LoopcastTrackingHandler for @SubscribeEvent-annotated methods
[21ago.2025 09:29:52.550] [modloading-worker-0/DEBUG] [net.neoforged.fml.javafmlmod.AutomaticEventSubscriber/]: Subscribing @EventBusSubscriber class Lvazkii/psi/common/core/handler/LoopcastTrackingHandler; to the game event bus
[21ago.2025 09:29:52.550] [modloading-worker-0/DEBUG] [net.neoforged.fml.javafmlmod.AutomaticEventSubscriber/LOADING]: Scanning class vazkii.psi.common.block.base.ModBlocks for @SubscribeEvent-annotated methods
[21ago.2025 09:29:52.553] [modloading-worker-0/DEBUG] [net.neoforged.fml.javafmlmod.AutomaticEventSubscriber/]: Subscribing @EventBusSubscriber class Lvazkii/psi/common/block/base/ModBlocks; to the mod event bus of mod psi
[21ago.2025 09:29:52.554] [modloading-worker-0/DEBUG] [net.neoforged.fml.javafmlmod.AutomaticEventSubscriber/LOADING]: Scanning class vazkii.psi.common.entity.ModEntities for @SubscribeEvent-annotated methods
[21ago.2025 09:29:52.554] [modloading-worker-0/DEBUG] [net.neoforged.fml.javafmlmod.AutomaticEventSubscriber/]: Subscribing @EventBusSubscriber class Lvazkii/psi/common/entity/ModEntities; to the mod event bus of mod psi
[21ago.2025 09:29:52.557] [modloading-worker-0/DEBUG] [net.neoforged.fml.config.ConfigTracker/CONFIG]: Config file psitickmaster-common.toml for psitickmaster tracking
[21ago.2025 09:29:52.557] [modloading-worker-0/DEBUG] [net.neoforged.fml.javafmlmod.AutomaticEventSubscriber/LOADING]: Attempting to inject @EventBusSubscriber classes into the eventbus for psitickmaster
[21ago.2025 09:29:52.557] [modloading-worker-0/DEBUG] [net.neoforged.fml.javafmlmod.AutomaticEventSubscriber/LOADING]: Scanning class hellisheden.psitickmaster.Config for @SubscribeEvent-annotated methods
[21ago.2025 09:29:52.557] [modloading-worker-0/DEBUG] [net.neoforged.fml.javafmlmod.AutomaticEventSubscriber/]: Subscribing @EventBusSubscriber class Lhellisheden/psitickmaster/Config; to the mod event bus of mod psitickmaster
[21ago.2025 09:29:52.557] [modloading-worker-0/DEBUG] [net.neoforged.fml.javafmlmod.AutomaticEventSubscriber/LOADING]: Scanning class hellisheden.psitickmaster.Psitickmaster$ClientModEvents for @SubscribeEvent-annotated methods
[21ago.2025 09:29:52.558] [modloading-worker-0/DEBUG] [net.neoforged.fml.javafmlmod.AutomaticEventSubscriber/]: Subscribing @EventBusSubscriber class Lhellisheden/psitickmaster/Psitickmaster$ClientModEvents; to the mod event bus of mod psitickmaster
[21ago.2025 09:29:52.771] [modloading-sync-worker/DEBUG] [net.neoforged.fml.config.ConfigTracker/CONFIG]: Loading configs type CLIENT
[21ago.2025 09:29:52.786] [modloading-sync-worker/DEBUG] [net.neoforged.fml.config.ConfigTracker/CONFIG]: Loaded TOML config file D:\IntelliJ\projects\PsionicTickMaster\run\config\patchouli-client.toml
[21ago.2025 09:29:52.793] [modloading-sync-worker/DEBUG] [net.neoforged.fml.config.ConfigTracker/CONFIG]: Watching TOML config file D:\IntelliJ\projects\PsionicTickMaster\run\config\patchouli-client.toml for changes
[21ago.2025 09:29:52.801] [modloading-sync-worker/DEBUG] [net.neoforged.neoforge.common.NeoForgeConfig/FORGEMOD]: Loaded NeoForge config file neoforge-client.toml
[21ago.2025 09:29:52.801] [modloading-sync-worker/DEBUG] [net.neoforged.fml.config.ConfigTracker/CONFIG]: Loaded TOML config file D:\IntelliJ\projects\PsionicTickMaster\run\config\neoforge-client.toml
[21ago.2025 09:29:52.801] [modloading-sync-worker/DEBUG] [net.neoforged.fml.config.ConfigTracker/CONFIG]: Watching TOML config file D:\IntelliJ\projects\PsionicTickMaster\run\config\neoforge-client.toml for changes
[21ago.2025 09:29:52.808] [modloading-sync-worker/DEBUG] [net.neoforged.fml.config.ConfigTracker/CONFIG]: Loaded TOML config file D:\IntelliJ\projects\PsionicTickMaster\run\config\psi-client.toml
[21ago.2025 09:29:52.808] [modloading-sync-worker/DEBUG] [net.neoforged.fml.config.ConfigTracker/CONFIG]: Watching TOML config file D:\IntelliJ\projects\PsionicTickMaster\run\config\psi-client.toml for changes
[21ago.2025 09:29:52.809] [modloading-sync-worker/DEBUG] [net.neoforged.fml.config.ConfigTracker/CONFIG]: Loading configs type COMMON
[21ago.2025 09:29:52.814] [modloading-sync-worker/DEBUG] [net.neoforged.neoforge.common.NeoForgeConfig/FORGEMOD]: Loaded NeoForge config file neoforge-common.toml
[21ago.2025 09:29:52.814] [modloading-sync-worker/DEBUG] [net.neoforged.fml.config.ConfigTracker/CONFIG]: Loaded TOML config file D:\IntelliJ\projects\PsionicTickMaster\run\config\neoforge-common.toml
[21ago.2025 09:29:52.814] [modloading-sync-worker/DEBUG] [net.neoforged.fml.config.ConfigTracker/CONFIG]: Watching TOML config file D:\IntelliJ\projects\PsionicTickMaster\run\config\neoforge-common.toml for changes
[21ago.2025 09:29:52.820] [modloading-sync-worker/DEBUG] [net.neoforged.fml.config.ConfigTracker/CONFIG]: Loaded TOML config file D:\IntelliJ\projects\PsionicTickMaster\run\config\psi-common.toml
[21ago.2025 09:29:52.820] [modloading-sync-worker/DEBUG] [net.neoforged.fml.config.ConfigTracker/CONFIG]: Watching TOML config file D:\IntelliJ\projects\PsionicTickMaster\run\config\psi-common.toml for changes
[21ago.2025 09:29:52.829] [modloading-sync-worker/DEBUG] [net.neoforged.fml.config.ConfigTracker/CONFIG]: Loaded TOML config file D:\IntelliJ\projects\PsionicTickMaster\run\config\psitickmaster-common.toml
[21ago.2025 09:29:52.829] [modloading-sync-worker/DEBUG] [net.neoforged.fml.config.ConfigTracker/CONFIG]: Watching TOML config file D:\IntelliJ\projects\PsionicTickMaster\run\config\psitickmaster-common.toml for changes
[21ago.2025 09:29:52.926] [Render thread/DEBUG] [mixin/]: Mixing accessor.ItemRendererAccessor from emi.mixins.json into net.minecraft.client.renderer.entity.ItemRenderer
[21ago.2025 09:29:52.927] [Render thread/DEBUG] [mixin/]: emi.mixins.json:accessor.ItemRendererAccessor from mod emi: Class version 65 required is higher than the class version supported by the current version of Mixin (JAVA_17 supports class version 61)
[21ago.2025 09:29:52.933] [Render thread/DEBUG] [mixin/]: Mixing client.MixinLevelRenderer from patchouli_xplat.mixins.json into net.minecraft.client.renderer.LevelRenderer
[21ago.2025 09:29:52.941] [Render thread/DEBUG] [mixin/]: patchouli_xplat.mixins.json:client.MixinLevelRenderer from mod patchouli->@Inject::onRender(Lnet/minecraft/client/DeltaTracker;ZLnet/minecraft/client/Camera;Lnet/minecraft/client/renderer/GameRenderer;Lnet/minecraft/client/renderer/LightTexture;Lorg/joml/Matrix4f;Lorg/joml/Matrix4f;Lorg/spongepowered/asm/mixin/injection/callback/CallbackInfo;)V doesn't use it's CallbackInfo
[21ago.2025 09:29:52.941] [Render thread/DEBUG] [mixin/]: patchouli_xplat.mixins.json:client.MixinLevelRenderer from mod patchouli->@Inject::onRender(Lnet/minecraft/client/DeltaTracker;ZLnet/minecraft/client/Camera;Lnet/minecraft/client/renderer/GameRenderer;Lnet/minecraft/client/renderer/LightTexture;Lorg/joml/Matrix4f;Lorg/joml/Matrix4f;Lorg/spongepowered/asm/mixin/injection/callback/CallbackInfo;)V has 0 override(s) in child classes
[21ago.2025 09:29:52.941] [Render thread/DEBUG] [mixin/]: patchouli_xplat.mixins.json:client.MixinLevelRenderer from mod patchouli->@Inject::onRender(Lnet/minecraft/client/DeltaTracker;ZLnet/minecraft/client/Camera;Lnet/minecraft/client/renderer/GameRenderer;Lnet/minecraft/client/renderer/LightTexture;Lorg/joml/Matrix4f;Lorg/joml/Matrix4f;Lorg/spongepowered/asm/mixin/injection/callback/CallbackInfo;)V won't be passed a CallbackInfo as a result
[21ago.2025 09:29:52.971] [Render thread/DEBUG] [mixin/]: Mixing accessor.BakedModelManagerAccessor from emi.mixins.json into net.minecraft.client.resources.model.ModelManager
[21ago.2025 09:29:52.972] [Render thread/DEBUG] [mixin/]: emi.mixins.json:accessor.BakedModelManagerAccessor from mod emi: Class version 65 required is higher than the class version supported by the current version of Mixin (JAVA_17 supports class version 61)
[21ago.2025 09:29:53.012] [Render thread/DEBUG] [mixin/]: Mixing client.AccessorMultiBufferSource from patchouli_xplat.mixins.json into net.minecraft.client.renderer.MultiBufferSource$BufferSource
[21ago.2025 09:29:53.013] [Render thread/DEBUG] [mixin/]: Mixing client.AccessorRenderBuffers from psi.mixins.json into net.minecraft.client.renderer.MultiBufferSource$BufferSource
[21ago.2025 09:29:53.013] [Render thread/DEBUG] [mixin/]: psi.mixins.json:client.AccessorRenderBuffers from mod psi: Class version 65 required is higher than the class version supported by the current version of Mixin (JAVA_17 supports class version 61)
[21ago.2025 09:29:53.013] [Render thread/DEBUG] [mixin/]: Unexpected: Registered method getFixedBuffers()Ljava/util/SequencedMap; in net.minecraft.client.renderer.MultiBufferSource$BufferSource was not merged
[21ago.2025 09:29:53.160] [Render thread/INFO] [net.neoforged.neoforge.gametest.GameTestHooks/]: Enabled Gametest Namespaces: [psitickmaster]
[21ago.2025 09:29:53.170] [Render thread/DEBUG] [mixin/]: Mixing RecipeBookWidgetMixin from emi.mixins.json into net.minecraft.client.gui.screens.recipebook.RecipeBookComponent
[21ago.2025 09:29:53.170] [Render thread/DEBUG] [mixin/]: emi.mixins.json:RecipeBookWidgetMixin from mod emi: Class version 65 required is higher than the class version supported by the current version of Mixin (JAVA_17 supports class version 61)
[21ago.2025 09:29:53.172] [Render thread/DEBUG] [mixin/]: emi.mixins.json:RecipeBookWidgetMixin from mod emi->@Inject::toggleOpen(Lorg/spongepowered/asm/mixin/injection/callback/CallbackInfo;)V does use it's CallbackInfo
[21ago.2025 09:29:53.215] [Render thread/DEBUG] [mixin/]: Mixing client.HumanoidArmorLayerMixin from psi.mixins.json into net.minecraft.client.renderer.entity.layers.HumanoidArmorLayer
[21ago.2025 09:29:53.216] [Render thread/DEBUG] [mixin/]: psi.mixins.json:client.HumanoidArmorLayerMixin from mod psi: Class version 65 required is higher than the class version supported by the current version of Mixin (JAVA_17 supports class version 61)
[21ago.2025 09:29:53.231] [Render thread/DEBUG] [mixin/]: psi.mixins.json:client.HumanoidArmorLayerMixin from mod psi->@Inject::render(Lcom/mojang/blaze3d/vertex/PoseStack;Lnet/minecraft/client/renderer/MultiBufferSource;Lnet/minecraft/world/entity/LivingEntity;Lnet/minecraft/world/entity/EquipmentSlot;ILnet/minecraft/client/model/HumanoidModel;FFFFFFLorg/spongepowered/asm/mixin/injection/callback/CallbackInfo;)V doesn't use it's CallbackInfo
[21ago.2025 09:29:53.231] [Render thread/DEBUG] [mixin/]: psi.mixins.json:client.HumanoidArmorLayerMixin from mod psi->@Inject::render(Lcom/mojang/blaze3d/vertex/PoseStack;Lnet/minecraft/client/renderer/MultiBufferSource;Lnet/minecraft/world/entity/LivingEntity;Lnet/minecraft/world/entity/EquipmentSlot;ILnet/minecraft/client/model/HumanoidModel;FFFFFFLorg/spongepowered/asm/mixin/injection/callback/CallbackInfo;)V has 0 override(s) in child classes
[21ago.2025 09:29:53.231] [Render thread/DEBUG] [mixin/]: psi.mixins.json:client.HumanoidArmorLayerMixin from mod psi->@Inject::render(Lcom/mojang/blaze3d/vertex/PoseStack;Lnet/minecraft/client/renderer/MultiBufferSource;Lnet/minecraft/world/entity/LivingEntity;Lnet/minecraft/world/entity/EquipmentSlot;ILnet/minecraft/client/model/HumanoidModel;FFFFFFLorg/spongepowered/asm/mixin/injection/callback/CallbackInfo;)V won't be passed a CallbackInfo as a result
[21ago.2025 09:29:53.373] [Render thread/INFO] [net.minecraft.server.packs.resources.ReloadableResourceManager/]: Reloading ResourceManager: vanilla, mod_resources, mod/emi, mod/patchouli, mod/neoforge, mod/psi, mod/psitickmaster
[21ago.2025 09:29:53.385] [Worker-Main-1/DEBUG] [patchouli/]: Instantiating xplat impl: vazkii.patchouli.neoforge.xplat.NeoForgeXplatImpl
[21ago.2025 09:29:53.387] [Worker-Main-2/INFO] [hellisheden.psitickmaster.Psitickmaster/]: HELLO FROM COMMON SETUP
[21ago.2025 09:29:53.387] [Worker-Main-2/INFO] [hellisheden.psitickmaster.Psitickmaster/]: DIRT BLOCK >> minecraft:dirt
[21ago.2025 09:29:53.387] [Worker-Main-2/INFO] [hellisheden.psitickmaster.Psitickmaster/]: The magic number is... 42
[21ago.2025 09:29:53.389] [Worker-Main-2/INFO] [hellisheden.psitickmaster.Psitickmaster/]: ITEM >> minecraft:iron_ingot
[21ago.2025 09:29:53.447] [Render thread/DEBUG] [net.neoforged.fml.DeferredWorkQueue/LOADING]: Dispatching synchronous work for work queue Common setup: 1 jobs
[21ago.2025 09:29:53.451] [Render thread/DEBUG] [net.neoforged.fml.DeferredWorkQueue/LOADING]: Synchronous work queue completed in 2.561 ms
[21ago.2025 09:29:53.491] [Worker-Main-5/INFO] [net.minecraft.client.gui.font.providers.UnihexProvider/]: Found unifont_all_no_pua-15.1.05.hex, loading
[21ago.2025 09:29:53.521] [Worker-Main-18/INFO] [net.minecraft.client.gui.font.providers.UnihexProvider/]: Found unifont_jp_patch-15.1.05.hex, loading
[21ago.2025 09:29:53.702] [Worker-Main-8/WARN] [net.minecraft.client.renderer.texture.SpriteLoader/]: Texture psitickmaster:spell/trick_tick with size 18x18 limits mip level from 4 to 1
[21ago.2025 09:29:54.509] [Render thread/DEBUG] [net.neoforged.fml.DeferredWorkQueue/LOADING]: Dispatching synchronous work for work queue Complete loading of 6 mods: 1 jobs
[21ago.2025 09:29:54.511] [Render thread/DEBUG] [net.neoforged.fml.DeferredWorkQueue/LOADING]: Synchronous work queue completed in 1.499 ms
[21ago.2025 09:29:54.643] [Render thread/WARN] [net.minecraft.client.sounds.SoundEngine/]: Missing sound for event: minecraft:item.goat_horn.play
[21ago.2025 09:29:54.643] [Render thread/WARN] [net.minecraft.client.sounds.SoundEngine/]: Missing sound for event: minecraft:entity.goat.screaming.horn_break
[21ago.2025 09:29:54.697] [Render thread/INFO] [com.mojang.blaze3d.audio.Library/]: OpenAL initialized on device OpenAL Soft on Alto-falantes (Realtek(R) Audio)
[21ago.2025 09:29:54.698] [Render thread/INFO] [net.minecraft.client.sounds.SoundEngine/SOUNDS]: Sound engine started
[21ago.2025 09:29:54.810] [Render thread/INFO] [net.minecraft.client.renderer.texture.TextureAtlas/]: Created: 1024x512x4 minecraft:textures/atlas/blocks.png-atlas
[21ago.2025 09:29:54.818] [Render thread/INFO] [net.minecraft.client.renderer.texture.TextureAtlas/]: Created: 256x256x4 minecraft:textures/atlas/signs.png-atlas
[21ago.2025 09:29:54.818] [Render thread/INFO] [net.minecraft.client.renderer.texture.TextureAtlas/]: Created: 512x512x4 minecraft:textures/atlas/shield_patterns.png-atlas
[21ago.2025 09:29:54.818] [Render thread/INFO] [net.minecraft.client.renderer.texture.TextureAtlas/]: Created: 512x512x4 minecraft:textures/atlas/banner_patterns.png-atlas
[21ago.2025 09:29:54.819] [Render thread/INFO] [net.minecraft.client.renderer.texture.TextureAtlas/]: Created: 1024x1024x4 minecraft:textures/atlas/armor_trims.png-atlas
[21ago.2025 09:29:54.821] [Render thread/INFO] [net.minecraft.client.renderer.texture.TextureAtlas/]: Created: 256x256x4 minecraft:textures/atlas/chest.png-atlas
[21ago.2025 09:29:54.821] [Render thread/INFO] [net.minecraft.client.renderer.texture.TextureAtlas/]: Created: 128x64x4 minecraft:textures/atlas/decorated_pot.png-atlas
[21ago.2025 09:29:54.821] [Render thread/INFO] [net.minecraft.client.renderer.texture.TextureAtlas/]: Created: 512x256x4 minecraft:textures/atlas/beds.png-atlas
[21ago.2025 09:29:54.821] [Render thread/INFO] [net.minecraft.client.renderer.texture.TextureAtlas/]: Created: 512x256x4 minecraft:textures/atlas/shulker_boxes.png-atlas
[21ago.2025 09:29:54.866] [Render thread/INFO] [net.minecraft.client.renderer.texture.TextureAtlas/]: Created: 512x256x0 minecraft:textures/atlas/particles.png-atlas
[21ago.2025 09:29:54.868] [Render thread/INFO] [net.minecraft.client.renderer.texture.TextureAtlas/]: Created: 512x256x0 minecraft:textures/atlas/paintings.png-atlas
[21ago.2025 09:29:54.868] [Render thread/INFO] [net.minecraft.client.renderer.texture.TextureAtlas/]: Created: 256x128x0 minecraft:textures/atlas/mob_effects.png-atlas
[21ago.2025 09:29:54.868] [Render thread/INFO] [net.minecraft.client.renderer.texture.TextureAtlas/]: Created: 64x64x0 minecraft:textures/atlas/map_decorations.png-atlas
[21ago.2025 09:29:54.868] [Render thread/INFO] [net.minecraft.client.renderer.texture.TextureAtlas/]: Created: 1024x512x0 minecraft:textures/atlas/gui.png-atlas
[21ago.2025 09:29:54.885] [Render thread/WARN] [net.minecraft.client.renderer.ShaderInstance/]: Shader rendertype_entity_translucent_emissive could not find sampler named Sampler2 in the specified shader program.
[21ago.2025 09:29:54.923] [Render thread/INFO] [patchouli/]: BookContentResourceListenerLoader preloaded 57 jsons
[21ago.2025 09:29:54.923] [Render thread/DEBUG] [patchouli/]: Not reloading resource pack-based books as client world is missing
[21ago.2025 09:29:54.924] [Render thread/INFO] [net.neoforged.neoforge.client.entity.animation.json.AnimationLoader/]: Loaded 0 entity animations
[21ago.2025 09:30:00.853] [Render thread/INFO] [net.minecraft.world.item.crafting.RecipeManager/]: Loaded 1389 recipes
[21ago.2025 09:30:00.997] [Render thread/INFO] [net.minecraft.advancements.AdvancementTree/]: Loaded 1492 advancements
[21ago.2025 09:30:01.260] [Render thread/INFO] [EMI/]: [EMI] Recipes synchronized, waiting for tags to reload EMI...
[21ago.2025 09:30:01.284] [Render thread/DEBUG] [net.neoforged.neoforge.common.CommonHooks/WP]: Gathered mod list to write to world save New World
[21ago.2025 09:30:01.316] [Render thread/DEBUG] [mixin/]: Mixing accessor.BrewingRecipeRegistryAccessor from emi.mixins.json into net.minecraft.world.item.alchemy.PotionBrewing
[21ago.2025 09:30:01.316] [Render thread/DEBUG] [mixin/]: emi.mixins.json:accessor.BrewingRecipeRegistryAccessor from mod emi: Class version 65 required is higher than the class version supported by the current version of Mixin (JAVA_17 supports class version 61)
[21ago.2025 09:30:01.324] [Server thread/INFO] [net.minecraft.client.server.IntegratedServer/]: Starting integrated minecraft server version 1.21.1
[21ago.2025 09:30:01.325] [Server thread/INFO] [net.minecraft.server.MinecraftServer/]: Generating keypair
[21ago.2025 09:30:01.369] [Server thread/DEBUG] [net.neoforged.fml.config.ConfigTracker/CONFIG]: Loading configs type SERVER
[21ago.2025 09:30:01.378] [Server thread/DEBUG] [net.neoforged.neoforge.common.NeoForgeConfig/FORGEMOD]: Loaded NeoForge config file neoforge-server.toml
[21ago.2025 09:30:01.378] [Server thread/DEBUG] [net.neoforged.fml.config.ConfigTracker/CONFIG]: Loaded TOML config file D:\IntelliJ\projects\PsionicTickMaster\run\config\neoforge-server.toml
[21ago.2025 09:30:01.378] [Server thread/DEBUG] [net.neoforged.fml.config.ConfigTracker/CONFIG]: Watching TOML config file D:\IntelliJ\projects\PsionicTickMaster\run\config\neoforge-server.toml for changes
[21ago.2025 09:30:01.504] [Server thread/INFO] [net.minecraft.server.MinecraftServer/]: Preparing start region for dimension minecraft:overworld
[21ago.2025 09:30:01.655] [progressListener/INFO] [net.minecraft.server.level.progress.LoggerChunkProgressListener/]: Preparing spawn area: 0%
[21ago.2025 09:30:01.694] [Server thread/INFO] [net.neoforged.neoforge.server.permission.PermissionAPI/]: Successfully initialized permission handler neoforge:default_handler
[21ago.2025 09:30:01.694] [progressListener/INFO] [net.minecraft.server.level.progress.LoggerChunkProgressListener/]: Time elapsed: 184 ms
[21ago.2025 09:30:01.695] [Server thread/INFO] [hellisheden.psitickmaster.Psitickmaster/]: Psi Tick Loaded
[21ago.2025 09:30:01.696] [Server thread/INFO] [patchouli/]: Sending reload packet to clients
[21ago.2025 09:30:01.774] [Server thread/INFO] [net.minecraft.client.server.IntegratedServer/]: Changing view distance to 12, from 10
[21ago.2025 09:30:01.774] [Server thread/INFO] [net.minecraft.client.server.IntegratedServer/]: Changing simulation distance to 12, from 0
[21ago.2025 09:30:01.816] [Render thread/DEBUG] [io.netty.channel.MultithreadEventLoopGroup/]: -Dio.netty.eventLoopThreads: 40
[21ago.2025 09:30:01.830] [Render thread/DEBUG] [io.netty.util.concurrent.GlobalEventExecutor/]: -Dio.netty.globalEventExecutor.quietPeriodSeconds: 1
[21ago.2025 09:30:01.847] [Render thread/DEBUG] [io.netty.channel.nio.NioEventLoop/]: -Dio.netty.noKeySetOptimization: false
[21ago.2025 09:30:01.847] [Render thread/DEBUG] [io.netty.channel.nio.NioEventLoop/]: -Dio.netty.selectorAutoRebuildThreshold: 512
[21ago.2025 09:30:01.851] [Render thread/DEBUG] [io.netty.util.internal.PlatformDependent/]: org.jctools-core.MpscChunkedArrayQueue: available
[21ago.2025 09:30:01.882] [Render thread/DEBUG] [io.netty.channel.DefaultChannelId/]: -Dio.netty.processId: 1060 (auto-detected)
[21ago.2025 09:30:01.884] [Render thread/DEBUG] [io.netty.util.NetUtil/]: -Djava.net.preferIPv4Stack: false
[21ago.2025 09:30:01.884] [Render thread/DEBUG] [io.netty.util.NetUtil/]: -Djava.net.preferIPv6Addresses: system
[21ago.2025 09:30:01.885] [Render thread/DEBUG] [io.netty.util.NetUtilInitializations/]: Loopback interface: loopback_0 (Software Loopback Interface 1, 0:0:0:0:0:0:0:1)
[21ago.2025 09:30:01.887] [Render thread/DEBUG] [io.netty.util.NetUtil/]: Failed to get SOMAXCONN from sysctl and file \proc\sys\net\core\somaxconn. Default: 200
[21ago.2025 09:30:01.888] [Render thread/DEBUG] [io.netty.channel.DefaultChannelId/]: -Dio.netty.machineId: 00:00:00:00:00:00:00:e0 (auto-detected)
[21ago.2025 09:30:01.929] [Render thread/DEBUG] [io.netty.util.Recycler/]: -Dio.netty.recycler.maxCapacityPerThread: 4096
[21ago.2025 09:30:01.929] [Render thread/DEBUG] [io.netty.util.Recycler/]: -Dio.netty.recycler.ratio: 8
[21ago.2025 09:30:01.929] [Render thread/DEBUG] [io.netty.util.Recycler/]: -Dio.netty.recycler.chunkSize: 32
[21ago.2025 09:30:01.929] [Render thread/DEBUG] [io.netty.util.Recycler/]: -Dio.netty.recycler.blocking: false
[21ago.2025 09:30:01.929] [Render thread/DEBUG] [io.netty.util.Recycler/]: -Dio.netty.recycler.batchFastThreadLocalOnly: true
[21ago.2025 09:30:01.997] [Netty Server IO #1/DEBUG] [net.neoforged.neoforge.network.filters.NetworkFilters/]: Injected net.neoforged.neoforge.network.filters.GenericPacketSplitter@35450b49 into net.minecraft.network.Connection@f59c42e
[21ago.2025 09:30:02.001] [Netty Local Client IO #0/DEBUG] [net.neoforged.neoforge.network.filters.NetworkFilters/]: Injected net.neoforged.neoforge.network.filters.GenericPacketSplitter@3f4956d3 into net.minecraft.network.Connection@76b5dc0e
[21ago.2025 09:30:02.093] [Render thread/INFO] [EMI/]: [EMI] Recipes synchronized, waiting for tags to reload EMI...
[21ago.2025 09:30:02.164] [Render thread/DEBUG] [mixin/]: Mixing client.AccessorClientAdvancements from patchouli_xplat.mixins.json into net.minecraft.client.multiplayer.ClientAdvancements
[21ago.2025 09:30:02.165] [Render thread/DEBUG] [mixin/]: Mixing client.MixinClientAdvancements from patchouli_xplat.mixins.json into net.minecraft.client.multiplayer.ClientAdvancements
[21ago.2025 09:30:02.166] [Render thread/DEBUG] [mixin/]: patchouli_xplat.mixins.json:client.MixinClientAdvancements from mod patchouli->@Inject::patchouli_onSync(Lnet/minecraft/network/protocol/game/ClientboundUpdateAdvancementsPacket;Lorg/spongepowered/asm/mixin/injection/callback/CallbackInfo;)V doesn't use it's CallbackInfo
[21ago.2025 09:30:02.166] [Render thread/DEBUG] [mixin/]: patchouli_xplat.mixins.json:client.MixinClientAdvancements from mod patchouli->@Inject::patchouli_onSync(Lnet/minecraft/network/protocol/game/ClientboundUpdateAdvancementsPacket;Lorg/spongepowered/asm/mixin/injection/callback/CallbackInfo;)V has 0 override(s) in child classes
[21ago.2025 09:30:02.166] [Render thread/DEBUG] [mixin/]: patchouli_xplat.mixins.json:client.MixinClientAdvancements from mod patchouli->@Inject::patchouli_onSync(Lnet/minecraft/network/protocol/game/ClientboundUpdateAdvancementsPacket;Lorg/spongepowered/asm/mixin/injection/callback/CallbackInfo;)V won't be passed a CallbackInfo as a result
[21ago.2025 09:30:02.171] [Netty Server IO #1/DEBUG] [net.neoforged.neoforge.network.filters.NetworkFilters/]: Injected net.neoforged.neoforge.network.filters.GenericPacketSplitter@49487bd0 into net.minecraft.network.Connection@f59c42e
[21ago.2025 09:30:02.239] [Server thread/INFO] [net.minecraft.server.players.PlayerList/]: Dev[local:E:fe26d9a2] logged in with entity id 23 at (11.402824213999615, -60.0, 6.401865502321904)
[21ago.2025 09:30:02.303] [Server thread/INFO] [net.minecraft.server.MinecraftServer/]: Dev joined the game
[21ago.2025 09:30:02.583] [Render thread/INFO] [EMI/]: [EMI] Tags synchronized, reloading EMI
[21ago.2025 09:30:02.583] [Render thread/INFO] [EMI/]: [EMI] Starting Reload
[21ago.2025 09:30:02.585] [Thread-13/INFO] [EMI/]: [EMI] Starting EMI reload...
[21ago.2025 09:30:02.585] [Thread-13/INFO] [EMI/]: [EMI] Clearing data
[21ago.2025 09:30:02.603] [Render thread/INFO] [net.minecraft.advancements.AdvancementTree/]: Loaded 2 advancements
[21ago.2025 09:30:02.612] [Render thread/INFO] [patchouli/]: BookContentResourceListenerLoader: Files found in 189.1 μs
[21ago.2025 09:30:02.621] [Render thread/INFO] [patchouli/]: BookContentResourceListenerLoader: Files found in 312.0 μs
[21ago.2025 09:30:02.636] [Thread-13/INFO] [EMI/]: [EMI] Initializing plugin from emi
[21ago.2025 09:30:02.654] [Thread-13/INFO] [EMI/]: [EMI] Initialized plugin from emi in 11ms
[21ago.2025 09:30:02.655] [Thread-13/INFO] [EMI/]: [EMI] Processing tags
[21ago.2025 09:30:02.660] [Render thread/INFO] [patchouli/]: BookContentResourceListenerLoader: Files found in 186.4 μs
[21ago.2025 09:30:02.664] [Thread-13/ERROR] [EMI/]: [EMI] Untranslated tag #c:gems/psigem
[21ago.2025 09:30:02.665] [Thread-13/ERROR] [EMI/]: [EMI] Untranslated tag #c:ingots/ebony_psimetal
[21ago.2025 09:30:02.665] [Thread-13/ERROR] [EMI/]: [EMI] Untranslated tag #c:ingots/ivory_psimetal
[21ago.2025 09:30:02.665] [Thread-13/ERROR] [EMI/]: [EMI] Untranslated tag #c:ingots/psimetal
[21ago.2025 09:30:02.665] [Thread-13/ERROR] [EMI/]: [EMI] Untranslated tag #c:storage_blocks/ebony_psimetal
[21ago.2025 09:30:02.665] [Thread-13/ERROR] [EMI/]: [EMI] Untranslated tag #c:storage_blocks/ivory_psimetal
[21ago.2025 09:30:02.665] [Thread-13/ERROR] [EMI/]: [EMI] Untranslated tag #c:storage_blocks/psigem
[21ago.2025 09:30:02.665] [Thread-13/ERROR] [EMI/]: [EMI] Untranslated tag #c:storage_blocks/psimetal
[21ago.2025 09:30:02.665] [Thread-13/ERROR] [EMI/]: [EMI] Untranslated tag #psi:ebony_substance
[21ago.2025 09:30:02.665] [Thread-13/ERROR] [EMI/]: [EMI] Untranslated tag #psi:ivory_substance
[21ago.2025 09:30:02.665] [Thread-13/ERROR] [EMI/]: [EMI] Untranslated tag #psi:psidust
[21ago.2025 09:30:02.665] [Thread-13/INFO] [EMI/]: [EMI]  Tag warning can be disabled in the config, EMI docs describe how to add a translation or exclude tags.
[21ago.2025 09:30:02.678] [Thread-13/INFO] [EMI/]: [EMI] Constructing index
[21ago.2025 09:30:02.678] [Render thread/WARN] [psi/]: Missing crafting recipe psi:cad_colorizer_psi
[21ago.2025 09:30:02.678] [Render thread/WARN] [psi/]: Missing crafting recipe psi:cad_colorizer_rainbow
[21ago.2025 09:30:02.680] [Render thread/WARN] [psi/]: Missing crafting recipe psi:cad_colorizer_empty
[21ago.2025 09:30:02.680] [Render thread/WARN] [psi/]: Missing crafting recipe psi:cad_colorizer_white
[21ago.2025 09:30:02.681] [Render thread/WARN] [psi/]: Missing crafting recipe psi:cad_colorizer_orange
[21ago.2025 09:30:02.681] [Render thread/WARN] [psi/]: Missing crafting recipe psi:cad_colorizer_magenta
[21ago.2025 09:30:02.681] [Render thread/WARN] [psi/]: Missing crafting recipe psi:cad_colorizer_light_blue
[21ago.2025 09:30:02.681] [Render thread/WARN] [psi/]: Missing crafting recipe psi:cad_colorizer_yellow
[21ago.2025 09:30:02.681] [Render thread/WARN] [psi/]: Missing crafting recipe psi:cad_colorizer_lime
[21ago.2025 09:30:02.681] [Render thread/WARN] [psi/]: Missing crafting recipe psi:cad_colorizer_pink
[21ago.2025 09:30:02.682] [Render thread/WARN] [psi/]: Missing crafting recipe psi:cad_colorizer_gray
[21ago.2025 09:30:02.682] [Render thread/WARN] [psi/]: Missing crafting recipe psi:cad_colorizer_light_gray
[21ago.2025 09:30:02.682] [Render thread/WARN] [psi/]: Missing crafting recipe psi:cad_colorizer_cyan
[21ago.2025 09:30:02.682] [Render thread/WARN] [psi/]: Missing crafting recipe psi:cad_colorizer_purple
[21ago.2025 09:30:02.682] [Render thread/WARN] [psi/]: Missing crafting recipe psi:cad_colorizer_blue
[21ago.2025 09:30:02.683] [Render thread/WARN] [psi/]: Missing crafting recipe psi:cad_colorizer_brown
[21ago.2025 09:30:02.683] [Render thread/WARN] [psi/]: Missing crafting recipe psi:cad_colorizer_green
[21ago.2025 09:30:02.683] [Render thread/WARN] [psi/]: Missing crafting recipe psi:cad_colorizer_red
[21ago.2025 09:30:02.683] [Render thread/WARN] [psi/]: Missing crafting recipe psi:cad_colorizer_black
[21ago.2025 09:30:02.684] [Thread-13/INFO] [EMI/]: [EMI] Reloading item groups on client thread...
[21ago.2025 09:30:02.689] [Render thread/WARN] [psi/]: Missing crafting recipe psi:psimetal_sword
[21ago.2025 09:30:02.690] [Render thread/WARN] [psi/]: Missing crafting recipe psi:psimetal_shovel
[21ago.2025 09:30:02.690] [Render thread/WARN] [psi/]: Missing crafting recipe psi:psimetal_pickaxe
[21ago.2025 09:30:02.690] [Render thread/WARN] [psi/]: Missing crafting recipe psi:psimetal_axe
[21ago.2025 09:30:02.851] [Thread-13/INFO] [EMI/]: [EMI] Reloading item groups on client thread took 167ms
[21ago.2025 09:30:02.861] [Thread-13/INFO] [EMI/]: [EMI] Loading plugin from emi
[21ago.2025 09:30:03.039] [Thread-13/INFO] [EMI/]: [EMI] Reloaded plugin from emi in 177ms
[21ago.2025 09:30:03.039] [Thread-13/INFO] [EMI/]: [EMI] Baking index
[21ago.2025 09:30:03.086] [Thread-13/INFO] [EMI/]: [EMI] Registering late recipes
[21ago.2025 09:30:03.087] [Thread-13/INFO] [EMI/]: [EMI] Baking recipes
[21ago.2025 09:30:03.184] [Thread-13/INFO] [EMI/]: [EMI] Baked 3380 recipes in 82ms
[21ago.2025 09:30:03.211] [Thread-13/INFO] [EMI/]: [EMI] Baking search
[21ago.2025 09:30:03.234] [Thread-14/INFO] [EMI/]: [EMI] Baked recipes after reload in 64ms
[21ago.2025 09:30:03.316] [Server thread/INFO] [net.minecraft.client.server.IntegratedServer/]: Saving and pausing game...
[21ago.2025 09:30:03.350] [Server thread/INFO] [net.minecraft.server.MinecraftServer/]: Saving chunks for level 'ServerLevel[New World]'/minecraft:overworld
[21ago.2025 09:30:03.391] [Thread-13/INFO] [EMI/]: [EMI] Finishing up
[21ago.2025 09:30:03.414] [Thread-13/INFO] [EMI/]: [EMI] Reloaded EMI in 829ms
[21ago.2025 09:30:03.418] [Server thread/INFO] [net.minecraft.server.MinecraftServer/]: Saving chunks for level 'ServerLevel[New World]'/minecraft:the_end
[21ago.2025 09:30:03.418] [Server thread/INFO] [net.minecraft.server.MinecraftServer/]: Saving chunks for level 'ServerLevel[New World]'/minecraft:the_nether
[21ago.2025 09:30:03.421] [Server thread/DEBUG] [net.neoforged.neoforge.common.CommonHooks/WP]: Gathered mod list to write to world save New World
[21ago.2025 09:30:05.109] [Server thread/INFO] [net.minecraft.client.server.IntegratedServer/]: Saving and pausing game...
[21ago.2025 09:30:05.117] [Server thread/INFO] [net.minecraft.server.MinecraftServer/]: Saving chunks for level 'ServerLevel[New World]'/minecraft:overworld
[21ago.2025 09:30:05.227] [Server thread/INFO] [net.minecraft.server.MinecraftServer/]: Saving chunks for level 'ServerLevel[New World]'/minecraft:the_end
[21ago.2025 09:30:05.227] [Server thread/INFO] [net.minecraft.server.MinecraftServer/]: Saving chunks for level 'ServerLevel[New World]'/minecraft:the_nether
[21ago.2025 09:30:05.228] [Server thread/DEBUG] [net.neoforged.neoforge.common.CommonHooks/WP]: Gathered mod list to write to world save New World
[21ago.2025 09:30:06.409] [Render thread/DEBUG] [mixin/]: Mixing accessor.OrderedTextTooltipComponentAccessor from emi.mixins.json into net.minecraft.client.gui.screens.inventory.tooltip.ClientTextTooltip
[21ago.2025 09:30:06.409] [Render thread/DEBUG] [mixin/]: emi.mixins.json:accessor.OrderedTextTooltipComponentAccessor from mod emi: Class version 65 required is higher than the class version supported by the current version of Mixin (JAVA_17 supports class version 61)
[21ago.2025 09:30:47.224] [Render thread/INFO] [net.minecraft.client.Minecraft/]: Stopping!
[21ago.2025 09:30:47.268] [Server thread/INFO] [net.minecraft.server.network.ServerGamePacketListenerImpl/]: Dev lost connection: Disconnected
[21ago.2025 09:30:47.269] [Server thread/INFO] [net.minecraft.server.MinecraftServer/]: Dev left the game
[21ago.2025 09:30:47.278] [Server thread/INFO] [net.minecraft.server.network.ServerCommonPacketListenerImpl/]: Stopping singleplayer server as player logged out
[21ago.2025 09:30:47.329] [Server thread/INFO] [net.minecraft.server.MinecraftServer/]: Stopping server
[21ago.2025 09:30:47.331] [Server thread/INFO] [net.minecraft.server.MinecraftServer/]: Saving players
[21ago.2025 09:30:47.331] [Server thread/INFO] [net.minecraft.server.MinecraftServer/]: Saving worlds
[21ago.2025 09:30:47.455] [Server thread/INFO] [net.minecraft.server.MinecraftServer/]: Saving chunks for level 'ServerLevel[New World]'/minecraft:overworld
[21ago.2025 09:30:47.481] [Server thread/INFO] [net.minecraft.server.MinecraftServer/]: Saving chunks for level 'ServerLevel[New World]'/minecraft:the_end
[21ago.2025 09:30:47.482] [Server thread/INFO] [net.minecraft.server.MinecraftServer/]: Saving chunks for level 'ServerLevel[New World]'/minecraft:the_nether
[21ago.2025 09:30:47.484] [Server thread/DEBUG] [net.neoforged.neoforge.common.CommonHooks/WP]: Gathered mod list to write to world save New World
[21ago.2025 09:30:47.486] [Server thread/INFO] [net.minecraft.server.MinecraftServer/]: ThreadedAnvilChunkStorage (New World): All chunks are saved
[21ago.2025 09:30:47.486] [Server thread/INFO] [net.minecraft.server.MinecraftServer/]: ThreadedAnvilChunkStorage (DIM1): All chunks are saved
[21ago.2025 09:30:47.486] [Server thread/INFO] [net.minecraft.server.MinecraftServer/]: ThreadedAnvilChunkStorage (DIM-1): All chunks are saved
[21ago.2025 09:30:47.486] [Server thread/INFO] [net.minecraft.server.MinecraftServer/]: ThreadedAnvilChunkStorage: All dimensions are saved
[21ago.2025 09:30:47.492] [Server thread/DEBUG] [net.neoforged.fml.config.ConfigTracker/CONFIG]: Unloading configs type SERVER
